gid_1,country,perc_used_internet_past12months_wght_age_15_to_49_wom,perc_used_internet_past12months_wght_age_15_to_49_fm_ratio,hdi_national,gdi_national,subnational_gdi,subnational_hdi_females,subnational_hdi_males,nl_mean_zscore,pop_density_zscore,fb_pntr_18p_female,fb_pntr_18p_male,fb_pntr_18p_fm_ratio
AGO.1_1,Angola,0.149311321400035,0.488955574440183,0.591,0.877,0.877,0.527,0.602,-0.262348729282489,-0.29110093745859816,0.0050532150568923,0.0135699215689649,0.433528495566686
AGO.2_1,Angola,0.0845051884731249,0.263640185967662,0.591,0.877,0.879,0.501,0.57,-0.2565483908609837,-0.2580022090189743,0.0291215250391134,0.0499007489259082,0.773022275699822
AGO.3_1,Angola,0.0255614762142035,0.17670154884418,0.591,0.877,0.867,0.465,0.536,-0.2680657284510242,-0.28614743946717575,0.014284225394647,0.0276082457777501,0.688257978503808
AGO.4_1,Angola,0.23341805066741,0.646027906535626,0.591,0.877,0.921,0.64,0.695,-0.19768092506368504,-0.2094379045117583,0.0575386071598619,0.0793744300691842,0.799798390504387
AGO.5_1,Angola,0.0314817520400827,0.18674973904557,0.591,0.877,0.834,0.452,0.542,-0.2687352186486199,-0.2994053760352931,0.0106247296981644,0.0258605709060065,0.602817368752416
AGO.6_1,Angola,0.062457397337927,0.312592328248052,0.591,0.877,0.848,0.488,0.575,-0.2632122037672185,-0.28516547620304683,0.0140879773398744,0.0325804240654853,0.565744900674732
AGO.7_1,Angola,0.0588792018118332,0.386164180802849,0.591,0.877,0.817,0.4,0.49,-0.26448148041328656,-0.27353239234696813,0.00627118354668,0.0119174472032288,0.629539930900537
AGO.8_1,Angola,0.0650951766368823,0.501799093951629,0.591,0.877,0.941,0.501,0.533,-0.26628152669383476,-0.29036185813973897,0.007081111698613,0.0137371494565644,0.796716981889903
AGO.9_1,Angola,0.115888924145407,0.404863781424427,0.591,0.877,0.885,0.498,0.563,-0.2616904943353449,-0.2533222685328207,0.0256447987452214,0.0507888613766505,0.676545427545307
AGO.10_1,Angola,0.0831650526361955,0.461871985074935,0.591,0.877,0.887,0.491,0.554,-0.2629529345015456,-0.27447304077155127,0.0294139989643979,0.0529661918677018,0.717063448530306
AGO.11_1,Angola,0.320111526306584,0.573758210953895,0.591,0.877,0.924,0.671,0.726,1.4464966624822502,2.293131738009796,0.108675185839601,0.168121790215991,0.757351583886896
AGO.12_1,Angola,0.0622829724181588,0.260307932310964,0.591,0.877,0.817,0.465,0.569,-0.2680994268500598,-0.2950774857262035,0.0072008860542477,0.0202900331187595,0.425437252891411
AGO.13_1,Angola,0.06126858409903049,0.229512225413372,0.591,0.877,0.853,0.523,0.613,-0.2670744212152724,-0.29586698243809467,0.0240702153689697,0.057974616845893,0.558830884147695
AGO.14_1,Angola,0.109684376278357,0.30854158133247,0.591,0.877,0.85,0.515,0.606,-0.2665860688131434,-0.291449000047945,0.0129977007560911,0.0304411816506357,0.549538941669202
AGO.15_1,Angola,0.0590677510403039,0.318002848306108,0.591,0.877,0.878,0.471,0.536,-0.26900523943670024,-0.2981553238744495,0.0138985121709091,0.0270632359267027,0.594021359499568
AGO.16_1,Angola,0.189031952507294,0.435099195265411,0.591,0.877,0.918,0.562,0.612,-0.2661591064161511,-0.2942767804911959,0.0346228222835046,0.0553609225712638,0.795868227352739
AGO.17_1,Angola,0.05249653668269229,0.246303241559602,0.591,0.877,0.852,0.502,0.589,-0.26654684352473673,-0.2832120044834547,0.0113898016120168,0.0241764392781223,0.597796664278856
AGO.18_1,Angola,0.107134658072751,0.345340795289287,0.591,0.877,0.881,0.561,0.637,-0.2630171108735909,-0.28767308822274407,0.0177558328338852,0.0377416945057835,0.565403173086243
ARM.1_1,Armenia,0.755819162467555,0.980740627576303,0.769,0.984,0.971,0.732,0.753,-0.2606963666907447,-0.26268676882591196,0.357990274128221,0.374158735351932,1.02996929970657
ARM.2_1,Armenia,0.76743114517545,0.991175269215534,0.769,0.984,0.976,0.73,0.748,-0.22126519029140457,-0.1985364016165912,0.268218890765792,0.257343962307261,1.13730162560767
ARM.3_1,Armenia,0.7152272912432839,0.936029687399457,0.769,0.984,0.989,0.728,0.736,-0.18340152953381053,-0.09818206231640558,0.200009256469204,0.191548633363126,1.15282423552486
ARM.4_1,Armenia,0.9502903088193152,0.99829963481783,0.769,0.984,0.987,0.792,0.802,1.3319167043101132,2.7741568333530515,0.691671422807608,0.789612048911399,1.09360761175436
ARM.5_1,Armenia,0.825615533351682,0.889605182217893,0.769,0.984,0.975,0.719,0.737,-0.26318544153533513,-0.26594564056150843,0.262563075482564,0.286902988890779,0.933021913333414
ARM.6_1,Armenia,0.838404914413582,0.891550931084584,0.769,0.984,0.993,0.764,0.769,-0.2053941910822285,-0.2091746090417423,0.496211537726155,0.486118495789623,1.13161951693602
ARM.7_1,Armenia,0.835662006108214,0.941929877247723,0.769,0.984,0.996,0.742,0.745,-0.25406644277939155,-0.2516758147036934,0.479801648946384,0.470604255140792,1.22382436532836
ARM.8_1,Armenia,0.850382774860977,0.865626067956636,0.769,0.984,0.984,0.751,0.764,-0.2562096515160494,-0.23530578402275357,0.360311311840186,0.349171691397733,1.17894914007096
ARM.9_1,Armenia,0.914442689450497,1.01802906634894,0.769,0.984,0.99,0.752,0.759,-0.2580687994810848,-0.2791543437114857,0.395132725650657,0.361315539418216,1.16910260430642
ARM.10_1,Armenia,0.757266339823953,0.839835114270168,0.769,0.984,0.986,0.743,0.753,-0.2586576903141539,-0.26281115844510644,0.352462106015486,0.344582303462685,1.15595084117832
ARM.11_1,Armenia,0.879434945993258,1.16653155219389,0.769,0.984,0.981,0.748,0.762,-0.2650469987723246,-0.2844304496424178,0.377410195563904,0.365751049377574,1.11397469041365
BDI.1_1,Burundi,0.028754825713254,0.336977840181002,0.423,0.925,0.932,0.457,0.491,-0.2640848888888746,0.0190539212252941,0.0074453908436077,0.0226190812455118,0.288690322515682
BDI.2_1,Burundi,0.334716173038999,0.722715644805496,0.423,0.925,0.932,0.457,0.491,0.22327401259147872,2.8080573318727526,0.391823246968379,0.623281456327087,0.436579528111924
BDI.3_1,Burundi,0.0267085413212822,0.200083450589595,0.423,0.925,0.932,0.457,0.491,-0.2576281793408123,0.08210229342446888,0.0100354894627447,0.0263335426794474,0.368261965804078
BDI.4_1,Burundi,0.0408765731279451,0.236017018221609,0.423,0.925,0.943,0.452,0.479,-0.26626830632607856,-0.09445546115771004,0.0069176742247699,0.0196028797750588,0.363120344775714
BDI.5_1,Burundi,0.01170235348213529,0.159042326600288,0.423,0.925,0.921,0.397,0.43,-0.2688204397185607,-0.16656164374430818,0.0098344586740279,0.0292570776125013,0.345540751928325
BDI.6_1,Burundi,0.0146752147211116,0.102115961407704,0.423,0.925,0.932,0.457,0.491,-0.26456576045281527,-0.00179337384176761,0.0053628187424745,0.0197012347316587,0.270463171335214
BDI.7_1,Burundi,0.0405002351171197,0.263614522664083,0.423,0.925,0.944,0.421,0.446,-0.26121687321686565,0.07417773607511512,0.0127841621099349,0.0353190887128539,0.399412875183562
BDI.8_1,Burundi,0.0051072437133776,0.342754322627134,0.423,0.925,0.944,0.421,0.446,-0.2682205362692094,5.665232704325958e-4,0.0042466112438474,0.0129800790706176,0.35911316291204
BDI.9_1,Burundi,0.0160979967022015,0.163588976433822,0.423,0.925,0.92,0.366,0.398,-0.2668040700789414,0.2466985262885614,0.0075975565251226,0.0215726954902194,0.382535599063127
BDI.10_1,Burundi,0.0160251932914763,0.296811047189782,0.423,0.925,0.92,0.366,0.398,-0.26763854999988707,0.07363934602067088,0.0075459685234128,0.0215433670054613,0.373922286241982
BDI.11_1,Burundi,0.0177551085771317,0.139942991805547,0.423,0.925,0.943,0.452,0.479,-0.26776165179915545,-0.1265565137204966,0.0065469158377509,0.0214833608692395,0.29951905645711
BDI.12_1,Burundi,0.0152514445967419,0.164882936698038,0.423,0.925,0.944,0.421,0.446,-0.2666894066815364,0.13072609577163763,0.0087392188363568,0.026487024966497,0.370892375525693
BDI.13_1,Burundi,0.0103636358431037,0.148156419053521,0.423,0.925,0.92,0.366,0.398,-0.26580580355873157,0.1142764451485604,0.0076065224717762,0.0231695849711342,0.342661196647373
BDI.14_1,Burundi,0.0146686454743567,0.204430564638017,0.423,0.925,0.944,0.421,0.446,-0.26879632017514105,0.03354295812216026,0.0075826369471138,0.0219579235903067,0.403348810794068
BDI.15_1,Burundi,0.0173111238420739,0.149759993326528,0.423,0.925,0.92,0.366,0.398,-0.26088745882734915,0.16489569929429007,0.0109543395290967,0.0297820920911235,0.37752210922347
BDI.16_1,Burundi,0.0155119908111527,0.144414758713349,0.423,0.925,0.921,0.397,0.43,-0.2675692218825976,-0.09034030793701264,0.0072470325705357,0.0247467059010988,0.306755694074428
BDI.17_1,Burundi,0.0125623514452998,0.113950165675577,0.423,0.925,0.921,0.397,0.43,-0.2682014167941963,-0.10037468143624212,0.0052198583776788,0.0170853885348538,0.314814310914865
BEN.1_1,Benin,0.0167273287735229,0.229079441704868,0.505,0.849,0.87,0.411,0.473,-0.26796384687535496,-0.26757391008004167,0.0091701005687714,0.0374586488720398,0.257732038144981
BEN.2_1,Benin,0.0406513062501116,0.387427946002529,0.505,0.849,0.855,0.442,0.517,-0.2672890136051087,-0.26208740985687706,0.0098148450059218,0.0411234967052847,0.274244887212406
BEN.3_1,Benin,0.118637954886604,0.387466554734727,0.505,0.849,0.889,0.587,0.661,-0.15445967710881164,0.12911948974390944,0.0283133085583013,0.0864962531408021,0.360606572661045
BEN.4_1,Benin,0.05044595604368,0.398122032598686,0.505,0.849,0.87,0.411,0.473,-0.2634456179357924,-0.25256214855144626,0.0276425891600407,0.102638945314945,0.277801236018868
BEN.5_1,Benin,0.025721910083056,0.13135137732865,0.505,0.849,0.857,0.494,0.577,-0.2657161322123425,-0.2529634954852915,0.0182709238862714,0.065358242165436,0.320145160293248
BEN.6_1,Benin,0.0279435909017107,0.176241454911033,0.505,0.849,0.855,0.442,0.517,-0.26495352370248926,-0.25301830713442514,0.0138682855992549,0.0618409115706686,0.251301774058884
BEN.7_1,Benin,0.0164380436610777,0.109613659757094,0.505,0.849,0.844,0.482,0.571,-0.25717363965620993,-0.00794253101389381,0.0045632117446007,0.0167912000563522,0.379683334092824
BEN.8_1,Benin,0.287257136293452,0.437680490175546,0.505,0.849,0.889,0.587,0.661,2.6595776063496936,8.376090624677513,0.364709234055452,1,0.336784943831334
BEN.9_1,Benin,0.04369411252247499,0.204510859815343,0.505,0.849,0.844,0.482,0.571,-0.2377567836214081,-0.00153760566169213,0.0203608323145796,0.0706655234479594,0.349296024642499
BEN.10_1,Benin,0.0765413679203135,0.319334945327143,0.505,0.849,0.888,0.524,0.591,-0.07449269243234208,0.5346978549164563,0.0526755326922923,0.173782308745488,0.349372749458106
BEN.11_1,Benin,0.0365975863199748,0.265334989906939,0.505,0.849,0.888,0.524,0.591,-0.25630964000871925,-0.11667193262499556,0.0128049764905815,0.0493448595344524,0.314154282400906
BEN.12_1,Benin,0.0387825972783988,0.167839100691537,0.505,0.849,0.857,0.494,0.577,-0.25401429013751814,-0.14030955391710462,0.0253718605045323,0.0929391876685678,0.337411571413188
BFA.1_1,Burkina Faso,0.0667426272976986,0.323987982002298,0.445,0.88,0.913,0.395,0.432,-0.2660091143131744,-0.25329993347878577,0.0301425308795425,0.0995576843888375,NA
BFA.2_1,Burkina Faso,0.120145699779722,0.236441916716789,0.445,0.88,0.883,0.425,0.481,-0.2639897033334932,-0.24880580841676303,0.0538824085593461,0.181169796482779,NA
BFA.7_1,Burkina Faso,0.37181791247906,0.573352877188765,0.445,0.88,0.938,0.633,0.676,0.09464652332067984,0.9629039236903524,0.342084605786841,0.685169211627509,NA
BFA.3_1,Burkina Faso,0.124226159814874,0.249259419170099,0.445,0.88,0.923,0.422,0.457,-0.26311738613790225,-0.2008181027091172,0.0327255376824594,0.139669150486241,NA
BFA.4_1,Burkina Faso,0.0431369254002869,0.200011919368935,0.445,0.88,0.921,0.386,0.419,-0.2646539979409968,-0.2256054926634998,0.0342098286468579,0.15334897179888,NA
BFA.5_1,Burkina Faso,0.07122038504984719,0.238931499786556,0.445,0.88,0.898,0.429,0.477,-0.26490352945615436,-0.23345470988390163,0.0557487977877839,0.218613101264455,NA
BFA.6_1,Burkina Faso,0.08258006491360341,0.360950120150274,0.445,0.88,0.954,0.444,0.465,-0.2648898260635108,-0.2359128685217628,0.052208021302013,0.172968760055171,NA
BFA.8_1,Burkina Faso,0.0525772621182198,0.277998270701864,0.445,0.88,0.894,0.326,0.364,-0.2678733798839728,-0.26407642020497857,0.0318118902996538,0.0957380944343217,NA
BFA.9_1,Burkina Faso,0.223220663813151,0.447571664672666,0.445,0.88,0.889,0.467,0.525,-0.255739837632506,-0.21829718784932112,0.125759110462395,0.346605670087032,NA
BFA.10_1,Burkina Faso,0.0548824310166713,0.198429285126433,0.445,0.88,0.898,0.409,0.455,-0.26405194760598916,-0.21780295423536183,0.0573740732625284,0.234032782382062,NA
BFA.11_1,Burkina Faso,0.103205545764877,0.246778724514708,0.445,0.88,0.93,0.419,0.451,-0.25849877824754713,-0.2092343364118528,0.0207190118902228,0.0938865637978648,NA
BFA.12_1,Burkina Faso,0.111562547783171,0.664738087110977,0.445,0.88,0.881,0.258,0.293,-0.26769786159341247,-0.2660150054981776,0.0213630940480953,0.0751492611065649,NA
BFA.13_1,Burkina Faso,0.0518595946572897,0.275953711890014,0.445,0.88,0.847,0.331,0.391,-0.2665632160395565,-0.2525623897037258,0.0526747099890969,0.217507328452895,NA
CIV.1_1,CÃ´te d'Ivoire,0.509377749354381,0.63639127105334,0.53,0.86,0.908,0.587,0.647,1.0927370882546064,1.922086642992786,0.879547759410715,1,0.646369019291137
CIV.2_1,CÃ´te d'Ivoire,0.19177336548491905,0.471615231513981,0.53,0.86,0.889,0.475,0.535,-0.24443229837127847,-0.21883578548322016,0.0817625536015839,0.183088527570476,0.404968913963229
CIV.3_1,CÃ´te d'Ivoire,0.365440500856559,0.749729003543154,0.53,0.86,0.897375022065087,0.5529142019716,0.616826134317084,-0.20995622458511404,-0.22036771859055332,0.121346254267122,0.211766921642049,0.539808111202758
CIV.4_1,CÃ´te d'Ivoire,0.123532320665341,0.284978571670761,0.53,0.86,0.86,0.436,0.507,-0.2506490471638651,-0.2876371519968669,0.116465360571366,0.281047321536334,0.452670688003989
CIV.5_1,CÃ´te d'Ivoire,0.303940805041079,0.798029015621697,0.53,0.86,0.884573656741135,0.52348150325124,0.591640336608912,-0.22708829486975607,-0.19797879659056483,0.0660229500029931,0.156723026099568,0.404387388106727
CIV.6_1,CÃ´te d'Ivoire,0.232543925420775,0.514745684377052,0.53,0.86,0.856,0.497,0.58,-0.2344303480689127,-0.2535456471237958,0.0678003990495013,0.188945849279154,0.432917697069095
CIV.7_1,CÃ´te d'Ivoire,0.257769206702424,0.524881858204319,0.53,0.86,0.908,0.587,0.647,-0.23356052871284425,-0.23304133549869305,0.0957778135139954,0.183176534260097,0.480594733993831
CIV.8_1,CÃ´te d'Ivoire,0.127651595704787,0.341442019777788,0.53,0.86,0.867,0.441,0.509,-0.2466916203603343,-0.22049338700509624,0.0515201018579571,0.131263391343967,0.389309144392731
CIV.9_1,CÃ´te d'Ivoire,0.176354478430489,0.488260810492021,0.53,0.86,0.866,0.474,0.547,-0.23166526390793,-0.2037382593632173,0.0780676074478006,0.183198035770511,0.424894927317043
CIV.10_1,CÃ´te d'Ivoire,0.18070167025851305,0.452163404930979,0.53,0.86,0.894,0.469,0.524,-0.21963143313162897,-0.259241254357715,0.0929130191198463,0.275930270894563,0.400713774553963
CIV.11_1,CÃ´te d'Ivoire,0.273668482047159,0.59508834845634,0.53,0.86,0.866,0.505,0.584,-0.21564379503320688,-0.25192675804012915,0.310124106051535,0.747349321823561,0.479090937236372
CIV.12_1,CÃ´te d'Ivoire,0.112593618689344,0.327085566850457,0.53,0.86,0.86,0.436,0.507,-0.24478770168465996,-0.27353945714486355,0.0378452466041278,0.116139148237156,0.355853107498166
CIV.13_1,CÃ´te d'Ivoire,0.411070682308165,0.581061614512062,0.53,0.86,0.856,0.497,0.58,-0.03273213670733951,-0.13166578972285092,0.382660599704973,0.848006088567787,0.544539197020382
CIV.14_1,CÃ´te d'Ivoire,0.181841447794905,0.579982515375145,0.53,0.86,0.862,0.459,0.532,-0.2525349776493897,-0.2778274313753062,0.0548088211595406,0.167006712523822,0.421955749622246
CMR.1_1,Cameroon,0.111058119377579,0.298692312273861,0.581,0.891,0.809,0.44,0.544,-0.2682218402023059,-0.28308297697907964,0.0722823368169025,0.16907950598106,0.446711930019372
CMR.2_1,Cameroon,0.41001293946733297,0.789449121274835,0.581,0.891,0.916,0.626,0.684,-0.2552849015397571,-0.23525296661668796,0.309214984073604,0.381836359875901,0.803483228682051
CMR.3_1,Cameroon,0.1926641739666,0.567354444202258,0.581,0.891,0.867,0.491,0.566,-0.26874883805813987,-0.2934405584538565,0.0878988671026789,0.168318100393251,0.543647231973086
CMR.4_1,Cameroon,0.0427819359986579,0.298130033978857,0.581,0.891,0.796,0.408,0.512,-0.26578161056665683,-0.1894953096993978,0.0485727827379982,0.150309303145744,NA
CMR.5_1,Cameroon,0.53451350697501,0.859113321933304,0.581,0.891,0.933,0.671,0.719,-0.23214227088260647,-0.12723995522322393,0.347112265648087,0.415760191138428,0.821521263338892
CMR.7_1,Cameroon,0.0514770972223563,0.329970751534133,0.581,0.891,0.79,0.397,0.502,-0.26724572162170956,-0.26358041895726586,0.0390322591897671,0.0966169099095805,0.428054499007771
CMR.6_1,Cameroon,0.235114610407193,0.612790318608557,0.581,0.891,0.936,0.533,0.569,-0.266934875013191,-0.1901902958123572,0.0973816652022284,0.134331254550652,0.879517267064925
CMR.8_1,Cameroon,0.26035764775370596,0.597368151528358,0.581,0.891,0.902,0.585,0.649,-0.25947255251874474,-0.17218952003908586,0.135487950057008,0.266116470507109,NA
CMR.10_1,Cameroon,0.246333772167707,0.713636674651217,0.581,0.891,0.904,0.585,0.647,-0.26771033313603537,-0.2846165446425849,0.0737682066469036,0.0956471184392112,NA
CMR.9_1,Cameroon,0.5422441942278869,0.868071179178991,0.581,0.891,0.928,0.638,0.687,-0.2660165393576965,-0.23572592660216876,0.159605741914484,0.188518591660453,0.822623622073255
ETH.1_1,Ethiopia,0.308313382676603,0.526632021459384,0.465,0.893,0.942,0.678,0.72,1.8086161911178176,4.913244067152933,0.64241693729165406,1,0.527224374241099
ETH.2_1,Ethiopia,0.0273150945704644,0.166986125455021,0.465,0.893,0.861,0.384,0.445,-0.2687093474571941,-0.28620528682417534,0.0119296634453678,0.0323008341174162,0.314301871245907
ETH.3_1,Ethiopia,0.0246059011701296,0.253206831640055,0.465,0.893,0.935,0.435,0.465,-0.2667567800696776,-0.187412413142149,0.0120454666529167,0.0353484088530988,0.356555641292149
ETH.4_1,Ethiopia,0.0225221371266797,0.225285161575957,0.465,0.893,0.848,0.421,0.497,-0.2662399106663351,-0.283989005223471,0.0301485510688084,0.0817854940868062,0.364229014448232
ETH.5_1,Ethiopia,0.163225430976604,0.418180626365408,0.465,0.893,0.877,0.514,0.586,-0.1882813887305716,0.04697907522781942,0.260885550593153,0.557840238196372,NA
ETH.6_1,Ethiopia,0.0527375229651519,0.21946888082872,0.465,0.893,0.913,0.52,0.57,-0.269080555704329,-0.28810649309888753,0.0936637350179956,0.249071744543817,0.365192827987425
ETH.7_1,Ethiopia,0.118559592762988,0.310272396102211,0.465,0.893,0.876,0.531,0.606,-0.21082887810336487,0.2372883561228752,0.206774330034168,0.52421911153676,0.397621990787683
ETH.8_1,Ethiopia,0.0253420763853044,0.249040337208068,0.465,0.893,0.877,0.424,0.483,-0.26607970539618303,-0.2075896092498294,0.0440588151963692,0.114547964290963,0.397317054173489
ETH.9_1,Ethiopia,0.0267119479887156,0.186038720693966,0.465,0.893,0.831,0.38,0.458,-0.26888257389123,-0.2860051208610209,0.0178345176623945,0.035132542078059,0.441014480271131
ETH.10_1,Ethiopia,0.0221611361944117,0.38508977830488,0.465,0.893,0.89,0.445,0.5,-0.2656021098568518,-0.1494348914456899,0.0268930861002418,0.080121428462363,0.358947221296411
ETH.11_1,Ethiopia,0.0499788623017145,0.396991168315893,0.465,0.893,0.926,0.476,0.514,-0.2634209625976017,-0.21326117725835,0.0561678853872741,0.140557454990001,0.453972055344285
GAB.1_1,Gabon,0.6783049909626471,0.845779997637912,0.702,0.98,0.906,0.654,0.721,-0.25022946942926577,-0.2540565582462722,0.73722689221192494,1,0.745288068778164
GAB.2_1,Gabon,0.5324044427461501,0.711418064801627,0.702,0.98,0.883,0.644,0.729,-0.2663275785128886,-0.2823578677209172,0.0748175132605502,0.15370706945035,0.621418367628046
GAB.3_1,Gabon,0.469019338060194,0.81898301507332,0.702,0.98,0.892,0.623,0.698,-0.25549203416034194,-0.29641066607624716,0.18332098933833,0.361127820372378,0.601145308502378
GAB.4_1,Gabon,0.42530866140034496,0.879379792296775,0.702,0.98,0.874,0.58,0.664,-0.26236746034774816,-0.2982291874301103,0.0902091025787222,0.205574792275919,0.571610352294062
GAB.5_1,Gabon,0.42690621427234904,0.737272736338073,0.702,0.98,0.853,0.59,0.692,-0.2662220543521239,-0.2988123022180556,0.0582867134556997,0.117950108752719,0.596186261564698
GAB.6_1,Gabon,0.29440994151586003,0.579569865200032,0.702,0.98,0.87,0.552,0.635,-0.26897437173712807,-0.2996807044237344,0.144960243589643,0.390903398219649,0.44842093083162
GAB.7_1,Gabon,0.395392485004026,0.603905268969694,0.702,0.98,0.898,0.6,0.668,-0.2687505381555296,-0.29804462403590315,0.044195630373378,0.0998316538301793,0.508485659581071
GAB.8_1,Gabon,0.6905711849641629,0.864834140608203,0.702,0.98,0.877,0.609,0.694,-0.1518684163594631,-0.29495511993566864,0.677339302097307,0.969673959125614,0.737679817959413
GAB.9_1,Gabon,0.572321438166232,0.915778391822997,0.702,0.98,0.874,0.601,0.688,-0.2682135897626714,-0.29437817825667273,0.10396447009747,0.202959401372755,0.570815079608495
GIN.1_1,Guinea,0.125771473564018,0.418137203394005,0.464,0.905,0.837,0.396,0.473,-0.2609200212595354,-0.272096137386181,0.0550270779605493,0.112450383804768,0.529119726909941
GIN.2_1,Guinea,0.455860773214288,0.729006059357439,0.464,0.905,0.903,0.615,0.681,0.8526359574751226,3.378295601789735,1,1,0.691554333444563
GIN.3_1,Guinea,0.0510665195408662,0.229175132221256,0.464,0.905,0.796,0.354,0.445,-0.26911605728979454,-0.27659426375152457,0.0406188714082443,0.103269664607287,0.51761728002994
GIN.4_1,Guinea,0.079654321900879,0.359612899251659,0.464,0.905,0.812,0.344,0.424,-0.2679783445474124,-0.27378437860991295,0.0848685267164156,0.248174462145002,0.406844188987794
GIN.5_1,Guinea,0.129682907004684,0.442469607281232,0.464,0.905,0.847,0.417,0.492,-0.26042967608712203,-0.2394239906637548,0.0734676771269349,0.152662298415179,0.58721437132877
GIN.6_1,Guinea,0.125206921211816,0.347340896132558,0.464,0.905,0.87,0.372,0.428,-0.26867310688608137,-0.26200100748070815,0.0860396940993319,0.159085149379574,0.964317253036272
GIN.7_1,Guinea,0.0868183268036547,0.227876778572433,0.464,0.905,0.865,0.4,0.463,-0.2667769469439718,-0.2647222721031925,0.127227964112422,0.229997243345734,0.839507551839251
GIN.8_1,Guinea,0.0404726653822036,0.414397268650488,0.464,0.905,0.824,0.403,0.49,-0.26888511672171145,-0.26233310954180533,0.0836454515173579,0.175816992458006,0.554134723040126
GMB.1_1,Gambia,0.7478517695512611,0.89617355310216,0.492,0.93,0.979,0.548,0.56,0.5448453451953325,3.915397206328117,0.677289726625383,1,0.468516826168381
GMB.2_1,Gambia,0.473819536176496,0.844372087147476,0.492,0.93,0.89,0.422,0.474,-0.2665720497766114,-0.2510230852206764,0.0129721547049359,0.0197896289572607,0.904404830412601
GMB.3_1,Gambia,0.293080047704203,0.551460443242819,0.492,0.93,0.908199652762482,0.353602123587141,0.388578845466442,-0.2676075901724865,-0.22932025947780785,0.113039669986738,0.351048616796618,NA
GMB.4_1,Gambia,0.455181696802703,0.715912256656735,0.492,0.93,0.909,0.431,0.473,-0.26413845471018416,-0.2005012051492233,0.0978744836795715,0.31018737044455,0.417761036228711
GMB.5_1,Gambia,0.642891769579406,0.854178122568516,0.492,0.93,0.9,0.407,0.452,-0.2658030743510685,-0.18491444351429945,0.0171463660934769,0.0689620292916185,0.357327837995923
GMB.6_1,Gambia,0.6605040424942019,0.897584801214205,0.492,0.93,0.927,0.508,0.547,-0.1856732665890335,0.2182977417269926,0.118731303158599,0.29866152664183,NA
HTI.1_1,Haiti,0.143808197714268,0.591345453597641,0.552,0.917,0.899,0.454,0.505,-0.26044961120311005,-0.09689585688043084,0.114260842713777,0.153967756744095,0.711124651717368
HTI.2_1,Haiti,0.140120328522989,0.844550740530483,0.552,0.917,0.917,0.478,0.522,-0.2682304627622846,-0.06906583160902612,0.0760640159828137,0.0853863552059278,NA
HTI.3_1,Haiti,0.20802527076741,0.566004903825944,0.552,0.917,0.891,0.471,0.529,-0.26537889890623306,0.04739269859149705,0.140791891304276,0.193323850752243,NA
HTI.4_1,Haiti,0.259604884796237,0.947536987259044,0.552,0.917,0.917,0.478,0.522,-0.26789897200952567,-0.03391373352628698,0.059626059778962,0.0805567001759364,0.677305330068753
HTI.7_1,Haiti,0.250237732213294,0.693476963037862,0.552,0.917,0.917,0.524,0.572,-0.25884777660410285,0.18197123862839928,0.044071317688818,0.0743490989139571,NA
HTI.5_1,Haiti,0.165865581939327,0.486595599576355,0.552,0.917,0.904,0.492,0.545,-0.255226571797709,-0.08161519501808699,0.130868173555765,0.192620618583744,0.691909023477873
HTI.6_1,Haiti,0.190161584387335,0.526407814835662,0.552,0.917,0.913,0.503,0.55,-0.26687505835042763,0.03814140754171418,0.08704044914827,0.126028784528961,0.732479925456353
HTI.8_1,Haiti,0.374419037554471,0.669501775096666,0.552,0.917,0.901,0.534,0.593,-0.21440830008650824,0.5053629286158307,0.21236787954647,0.30165984472118,NA
HTI.10_1,Haiti,0.237468690011984,0.789307518383306,0.552,0.917,0.92,0.499,0.542,-0.2666540071609267,-0.04363720427304109,0.0286321829151131,0.0466476709776691,NA
HTI.9_1,Haiti,0.26038863549879,0.922700064309791,0.552,0.917,0.912,0.486,0.532,-0.2651474301028354,-0.02529273055838289,0.0880413336147761,0.128599260096435,0.738256894701706
IND.1_1,India,0.342252577262688,0.738038553672547,0.638,0.838,0.899,0.662,0.736,-0.24794837152339932,-0.258167010357476,0.214319073658769,0.412184618189585,0.431545293650559
IND.2_1,India,0.1975620732896,0.435622218869081,0.638,0.838,0.848,0.572,0.674,-0.1357773544450769,-0.01368535024505566,0.0749517474351532,0.305280777922715,0.248555680726595
IND.3_1,India,0.549080106832994,0.797255253712642,0.638,0.838,0.864,0.609,0.705,-0.24461237691618704,-0.2666915124074963,0.946007208911683,1,0.571711224749383
IND.4_1,India,0.266376428741516,0.653825999764079,0.638,0.838,0.862,0.544,0.631,-0.16401351297200692,0.09153984636860588,0.210271516215894,0.449047212139781,0.441428060254317
IND.5_1,India,0.190473232019159,0.473797272145494,0.638,0.838,0.798,0.499,0.625,0.04606513804682716,0.8706268630762685,0.096557721665755,0.329571840503779,0.268500959596782
IND.6_1,India,0.686804279281383,0.792782646312731,0.638,0.838,0.898,0.699,0.778,3.8035988823973783,6.468644272241567,0.669945023227595,1,0.406974364591383
IND.7_1,India,0.255475711007567,0.472100418368753,0.638,0.838,0.84,0.544,0.647,-0.14476363372466888,-0.10998871858820868,0.111755418802885,0.348064875306523,0.318401360166836
IND.8_1,India,0.31095642957458197,0.481953819228436,0.638,0.838,0.847,0.559,0.66,0.4041151843476497,0.7121210336400926,0.768032470592013,1,0.285662567466271
IND.9_1,India,0.429670030665748,0.667545852868972,0.638,0.838,0.872,0.608,0.698,1.3375799346737385,2.078593062573939,0.005116753832988,0.0032730248751618,0.899322014975898
IND.10_1,India,0.7038947896789289,0.898574717254822,0.638,0.838,0.899,0.706,0.786,0.04544863910307344,0.06139096840552173,0.30865757929245,0.778882861491356,0.391025781386387
IND.11_1,India,0.272403825426411,0.499195995801454,0.638,0.838,0.84,0.575,0.684,-0.07920083511116156,0.02871228392516768,0.150203788682365,0.514123947445312,0.272181283554473
IND.12_1,India,0.470396347507512,0.677381095573661,0.638,0.838,0.86,0.632,0.735,0.11434577334009348,0.2858206937547277,0.193065644922234,0.632198991908568,0.27606380037218
IND.13_1,India,0.46100562452041305,0.720705200406507,0.638,0.838,0.881,0.653,0.741,-0.24001466824076703,-0.18000018948975585,0.282965225558097,0.614939848068904,0.459367357237448
IND.15_1,India,0.305217431647757,0.548521073631787,0.638,0.838,0.817,0.521,0.638,-0.0822387947792518,0.1287903986072499,0.151194243648552,0.415918503424944,0.343274350928876
IND.16_1,India,0.327059094192335,0.581541390238451,0.638,0.838,0.864,0.612,0.708,-0.07386044953038699,0.01372163038051448,0.147914442982355,0.424585726668142,0.339579554752871
IND.17_1,India,0.583990642978044,0.798943610970118,0.638,0.838,0.921,0.715,0.777,-0.13657914766612503,0.4753460637305968,0.180577855721743,0.442454392919101,0.462444332929365
IND.18_1,India,0.497839548503346,0.613294484377005,0.638,0.838,0.897,0.671,0.749,-0.04726189987703501,0.8089984135767871,0.0505909578964459,0.228794833301368,0.202146334594497
IND.19_1,India,0.261088009751157,0.490978448566061,0.638,0.838,0.822,0.529,0.643,-0.12855203876311613,-0.0616939769894021,0.102061667103875,0.343410704485435,0.276894512922449
IND.20_1,India,0.3694421482220821,0.617772638099574,0.638,0.838,0.861,0.63,0.731,-0.08424202305962829,0.05897300037805628,0.149758744723476,0.466162546735161,0.302841434735698
IND.21_1,India,0.41458387783086104,0.598758698913701,0.638,0.838,0.863,0.621,0.719,-0.2251163110425115,-0.16386235917152167,0.279001538980643,0.4934790160859,0.558791133376609
IND.22_1,India,0.31938023022684897,0.807284782929951,0.638,0.838,0.902,0.601,0.667,-0.2256018548382984,-0.1485802217510711,0.240553562967142,0.434071986500073,0.545433249138436
IND.23_1,India,0.6638917412269809,0.857395480983554,0.638,0.838,0.887,0.64,0.721,-0.2593885428639066,-0.2461774937334434,0.422529069715923,0.560128206238244,0.725134800387706
IND.24_1,India,0.460985429674745,0.762175837541695,0.638,0.838,0.887,0.622,0.702,-0.2323342603998577,-0.194092248520862,0.261306679792687,0.416830287791999,0.567334694038513
IND.25_1,India,0.6153685661442401,0.746931822215276,0.638,0.838,0.891,0.681,0.764,4.929925997015098,10.850649025737544,0.471848861905846,1,0.376275830789503
IND.26_1,India,0.234937529048692,0.488741205939845,0.638,0.838,0.837,0.536,0.641,-0.1547493984014886,-0.03904098419359968,0.126673805112796,0.337896272381899,0.366145985834023
IND.27_1,India,0.6485409739235161,0.812809714325598,0.638,0.838,0.894,0.68,0.76,0.3981399714086581,1.6425649485574358,0.400584361528183,1,0.391443954835909
IND.28_1,India,0.516605845819655,0.698219847268214,0.638,0.838,0.9,0.651,0.724,0.04733112208625315,0.23650122513186275,0.162111930196408,0.484538765495952,0.310568239276064
IND.29_1,India,0.351108752193665,0.566022321021588,0.638,0.838,0.815,0.565,0.694,-0.16112251772262406,-0.09499410891432276,0.0988107649170361,0.436586499118688,0.214435049032331
IND.30_1,India,0.741421388477432,0.985777126354561,0.638,0.838,0.897,0.657,0.732,-0.2512366176768869,-0.22016241175123744,0.596900392421116,0.829952310031344,0.599131947493808
IND.31_1,India,0.435813192375331,0.665233864246678,0.638,0.838,0.884,0.638,0.721,-0.03052488620573373,0.2453553051266989,0.103393501408187,0.352195218862262,0.296081862193961
IND.32_1,India,0.23104192734115095,0.454068385507455,0.638,0.838,0.845,0.586,0.693,-0.04274998859476819,-8.881675801853376e-4,0.107207154729768,0.426917114020112,0.250652542422433
IND.33_1,India,0.212755052147331,0.501991328670973,0.638,0.838,0.853,0.572,0.67,-0.11698387519143888,0.05489733236190174,0.241375546027705,0.460722138403742,0.500023588022376
IND.34_1,India,0.29494831769023,0.519437972991057,0.638,0.838,0.813,0.522,0.641,0.01190913886847396,0.5448080692707346,0.110087050583437,0.381746214933755,0.264620793318371
IND.35_1,India,0.436862529160453,0.620804252046417,0.638,0.838,0.859,0.614,0.715,-0.1833039070047245,-0.10162257685277312,0.221160415039927,0.577631876858064,0.377365261000482
IND.36_1,India,0.236864415540701,0.537307715745443,0.638,0.838,0.869,0.573,0.659,-0.00814012393779327,0.730609934593509,0.214303064743409,0.463526047210692,0.43368124361226
KEN.1_1,Kenya,0.29603814259899,0.820749048429622,0.601,0.948,0.948,0.577,0.609,-0.2669922351939749,-0.238682782943876,0.201461828654062,0.360434393401611,NA
KEN.2_1,Kenya,0.210206901591025,1.1474743187798,0.601,0.948,0.948,0.577,0.609,-0.2339989280310983,0.09418078546913128,0.112042484755722,0.211519279882322,NA
KEN.3_1,Kenya,0.319293263903309,0.729572135424493,0.601,0.948,0.945,0.566,0.599,-0.23317789496898103,0.2057590147103331,0.14396625158672,0.229372261286409,NA
KEN.4_1,Kenya,0.24528193043121,0.634192552501469,0.601,0.948,0.945,0.566,0.599,-0.23897345698445183,0.16122261393520984,0.0836783672524049,0.16587697326114,NA
KEN.5_1,Kenya,0.28106874301373,0.505616075893443,0.601,0.948,0.948,0.577,0.609,-0.2612163886313163,-0.14543285088789804,0.131959141741139,0.226523537452229,NA
KEN.6_1,Kenya,0.318897696946066,0.725263739372177,0.601,0.948,0.956,0.582,0.608,-0.2524355681623199,-0.1022188095598978,0.108620274852638,0.157467189944635,NA
KEN.7_1,Kenya,0.33957976709381904,0.662499913550426,0.601,0.948,0.838,0.425,0.507,-0.2679783614220702,-0.2710032460994249,0.0814220801436576,0.135476328270967,NA
KEN.8_1,Kenya,0.323157972174942,0.760260191252467,0.601,0.948,0.935,0.557,0.595,-0.25333998427348464,-0.0823652189175471,0.140103456701519,0.274681928695404,NA
KEN.9_1,Kenya,0.318574852610333,0.457516879106931,0.601,0.948,0.956,0.582,0.608,-0.26834618672705635,-0.295180801699484,0.222361624705221,0.338618108114162,NA
KEN.10_1,Kenya,0.627577027184662,0.911337008617006,0.601,0.948,0.948,0.577,0.609,-0.25752263801276565,-0.26164813454250413,0.160781590410265,0.246069833951254,NA
KEN.11_1,Kenya,0.344166287766618,1.0211075483303,0.601,0.948,0.945,0.566,0.599,-0.21054362030399243,0.3635223094089623,0.167898510343312,0.270539027341216,NA
KEN.12_1,Kenya,0.320399887886132,0.697016165198985,0.601,0.948,0.948,0.577,0.609,-0.22252637061321015,0.06983968990468407,0.177546535088156,0.290022180456572,NA
KEN.13_1,Kenya,0.638594559550041,0.88066018977403,0.601,0.948,0.964,0.615,0.638,0.04982800648346431,0.33382791154412633,0.308283978025456,0.391097085083272,NA
KEN.14_1,Kenya,0.246259509788497,0.502491232608622,0.601,0.948,0.923,0.558,0.605,-0.25094344263921586,-0.19936058414049976,0.0517097655150741,0.126651802135912,NA
KEN.15_1,Kenya,0.465304487689607,0.739715042754989,0.601,0.948,0.964,0.615,0.638,-0.22875196055599625,0.06629834935006508,0.162733343072132,0.213303710755326,NA
KEN.16_1,Kenya,0.315458009159242,0.651829819645144,0.601,0.948,0.935,0.557,0.595,-0.14376377376856267,0.647740882898425,0.193710357664151,0.341966798968205,NA
KEN.17_1,Kenya,0.32768454179414197,0.715587172322564,0.601,0.948,0.935,0.557,0.595,-0.17966561060849678,0.09945819057660588,0.625719091478188,0.855409126937773,NA
KEN.18_1,Kenya,0.232538558314886,0.670896366761504,0.601,0.948,0.956,0.582,0.608,-0.26751759693956106,-0.26566104204110325,0.0749227936502471,0.133878042189027,NA
KEN.19_1,Kenya,0.26799403113064796,0.513572830412083,0.601,0.948,0.923,0.558,0.605,-0.25313627262399196,-0.21438999259848923,0.060570544468156,0.133835064984104,NA
KEN.20_1,Kenya,0.424581622567716,0.653189426586778,0.601,0.948,0.948,0.577,0.609,-0.2593710088263973,-0.24957872313209303,0.188355034563366,0.275197940912401,NA
KEN.21_1,Kenya,0.34426609752887205,0.568369063494913,0.601,0.948,0.923,0.558,0.605,-0.2604384181352848,-0.2869241519529758,0.153513699733632,0.276772602274998,NA
KEN.22_1,Kenya,0.557638838545327,1.24792790445375,0.601,0.948,0.956,0.582,0.608,-0.15118778045037964,-0.10688742636441004,0.166474583656226,0.228570152962683,NA
KEN.23_1,Kenya,0.358929108044389,0.976531119402142,0.601,0.948,0.956,0.582,0.608,-0.2597825007712027,-0.18394396828615728,0.11312086043682,0.181940418568357,NA
KEN.24_1,Kenya,0.09880530017331488,0.300255096376007,0.601,0.948,0.838,0.425,0.507,-0.26851928379684414,-0.211477843252759,0.0029610466604084,0.0050814984960716,NA
KEN.25_1,Kenya,0.103067820006185,0.267953784593861,0.601,0.948,0.956,0.582,0.608,-0.26896870282751545,-0.2974347110532361,0.158735444070218,0.31393328185073,NA
KEN.26_1,Kenya,0.3701201303923839,0.993483644608594,0.601,0.948,0.956,0.582,0.608,-0.2379296082093659,-0.0905821702058981,0.145857978456335,0.196444125029388,NA
KEN.27_1,Kenya,0.21945822499333495,0.468487426154367,0.601,0.948,0.935,0.557,0.595,-0.24167888015870512,0.01486463520808249,0.122640481288443,0.23778469611454,NA
KEN.28_1,Kenya,0.548110404870989,0.720158399942802,0.601,0.948,0.923,0.558,0.605,1.6324562562276783,3.5492574452319237,0.216272443685554,0.289391543454018,NA
KEN.29_1,Kenya,0.445760513473293,0.817825446269612,0.601,0.948,0.964,0.615,0.638,-0.21621720097796565,0.08362171166812991,0.143253520108379,0.21005174480212,NA
KEN.30_1,Kenya,0.764023073907015,0.851380427545433,0.601,0.948,0.963,0.65,0.675,2.452592973977796,5.5301942551257355,1,1,0.864634794042777
KEN.31_1,Kenya,0.564101390898363,0.818003524200031,0.601,0.948,0.948,0.577,0.609,-0.16970748213427753,-0.02783266655316497,0.512404002012143,0.653137601675526,NA
KEN.32_1,Kenya,0.364414537448415,0.761501796191735,0.601,0.948,0.948,0.577,0.609,-0.2449865425080676,0.04395831241973731,0.3606835190184,0.548701322458859,NA
KEN.33_1,Kenya,0.269235060691778,0.533412819316224,0.601,0.948,0.948,0.577,0.609,-0.26464415835728633,-0.23909236662222272,0.139183822177651,0.257184800955224,NA
KEN.34_1,Kenya,0.212060875670409,0.618579235460532,0.601,0.948,0.935,0.557,0.595,-0.21492620889073907,0.4339556664179512,0.0769140438927267,0.137707724625276,NA
KEN.35_1,Kenya,0.408009831007574,0.781293796867489,0.601,0.948,0.964,0.615,0.638,-0.2392763096871512,-0.11233474431656087,0.0890204887853535,0.153583053368561,NA
KEN.36_1,Kenya,0.6144986416626179,0.953621512758074,0.601,0.948,0.964,0.615,0.638,-0.2173178890628948,-0.08867243814727718,0.225765940724458,0.309232338419272,NA
KEN.37_1,Kenya,0.212428955991198,0.404292315773545,0.601,0.948,0.948,0.577,0.609,-0.26795752268278733,-0.28814536883368047,0.100682907244375,0.20551006019058,NA
KEN.38_1,Kenya,0.313637639958343,0.754145852738895,0.601,0.948,0.935,0.557,0.595,-0.24070685616993465,-0.03515902113878931,0.114143229369243,0.219441848337285,NA
KEN.39_1,Kenya,0.488805401566287,0.726649424717876,0.601,0.948,0.923,0.558,0.605,-0.2643512724322499,-0.28168113770541564,0.148370452597669,0.21833098992,NA
KEN.40_1,Kenya,0.134638032852465,0.6189863517673,0.601,0.948,0.923,0.558,0.605,-0.2686584476367368,-0.29275757081826376,0.0724923221150157,0.188725551633126,NA
KEN.41_1,Kenya,0.369847551185526,0.832993742398372,0.601,0.948,0.956,0.582,0.608,-0.2580606184909091,-0.1657549574689531,0.240872438610312,0.337186512853836,NA
KEN.42_1,Kenya,0.440610655745043,0.802072401248523,0.601,0.948,0.948,0.577,0.609,-0.22402637591872496,0.11674760728142423,0.191564459287002,0.296721254137981,NA
KEN.43_1,Kenya,0.128947853661602,0.680087049803243,0.601,0.948,0.948,0.577,0.609,-0.2685975762103185,-0.28486034723449966,0.207108332054335,0.402434687856924,NA
KEN.44_1,Kenya,0.612310474791263,0.800061051834869,0.601,0.948,0.948,0.577,0.609,-0.2012351205063479,0.03893662354129969,0.628831732531789,0.785726748230977,NA
KEN.45_1,Kenya,0.313834480188129,0.731569446121344,0.601,0.948,0.945,0.566,0.599,-0.1777677207701076,0.8092367254438835,0.0995509385140318,0.182567799282966,NA
KEN.46_1,Kenya,0.217891642147213,0.42138126710628,0.601,0.948,0.838,0.425,0.507,-0.26900522731718446,-0.2745514507207324,0.0693047580083211,0.141097270783566,NA
KEN.47_1,Kenya,0.158273373172032,0.39688527511895,0.601,0.948,0.948,0.577,0.609,-0.26504211585110904,-0.23030207843975803,0.0854587611937128,0.170850410812643,NA
KHM.1_1,Cambodia,0.710265546581471,0.861920565421603,0.596,0.935,0.925,0.575,0.622,-0.2503074244958959,-0.16753096291984798,0.443978880259367,0.664563628195732,0.763755773092299
KHM.2_1,Cambodia,0.639049985970869,0.813202461548615,0.596,0.935,0.956,0.605,0.633,-0.2601549738251501,-0.16216422825045845,0.262207939112078,0.354240286830576,0.77166067758193
KHM.3_1,Cambodia,0.624526878441549,1.71243865279214,0.596,0.935,0.938,0.549,0.585,-0.2550124708213183,-0.1220292643979422,0.279773523318711,0.420466543293843,0.738457882026085
KHM.4_1,Cambodia,0.675051661345189,0.943779341961962,0.596,0.935,0.928,0.554,0.596,-0.2596574823814635,-0.2136169402378071,0.260357503176054,0.422698480984472,0.709259521140255
KHM.5_1,Cambodia,0.640497876249576,0.824057654151784,0.596,0.935,0.905,0.555,0.614,-0.2501891965464952,-0.19067495450712357,0.310025508974033,0.51107766881057,0.68391578824818
KHM.6_1,Cambodia,0.719068603782248,0.868546277602941,0.596,0.935,0.928,0.536,0.577,-0.2661974532469376,-0.25089579862661254,0.269046634070476,0.441051016104207,0.686430156106069
KHM.7_1,Cambodia,0.7574681078540471,1.01640119477497,0.596,0.935,0.937,0.578,0.616,-0.24949831333075512,-0.15938972246549984,0.275196782745694,0.436333091386091,NA
KHM.8_1,Cambodia,0.742690939913749,0.946254200272079,0.596,0.935,0.921,0.578,0.627,-0.1425894942279402,0.05936907563421519,0.403731217469366,0.579800420114164,NA
KHM.9_1,Cambodia,0.6540483569190231,0.719507779842087,0.596,0.935,0.897,0.585,0.652,-0.26582980458938094,-0.2916907844440754,0.429463827657577,0.562096605813793,0.73227176746007006
KHM.10_1,Cambodia,0.74042643795675,1.09717263607202,0.596,0.935,0.937,0.578,0.616,-0.20950812107057748,-0.04764591908043348,0.837358000018883,1,0.709090837526685
KHM.11_1,Cambodia,0.406664351841034,0.554361724884683,0.596,0.935,0.926,0.497,0.537,-0.26434073172113837,-0.26868756332133514,0.352691491566208,0.508294586386726,NA
KHM.12_1,Cambodia,0.8070911841912379,0.89864532032948,0.596,0.935,0.956,0.605,0.633,-0.25525772573244515,0.02620065510759343,0.193637285997261,0.222215702190794,0.76641497350455
KHM.13_1,Cambodia,0.803932646974058,0.945187721731983,0.596,0.935,0.937,0.578,0.616,-0.15856346903684387,-0.20503135486627205,0.634404394325895,0.954040185324371,NA
KHM.14_1,Cambodia,0.490343023670527,0.916300612312407,0.596,0.935,0.912,0.493,0.541,-0.26761448049519265,-0.29151588430855563,0.36697496467864,0.508145153229188,NA
KHM.15_1,Cambodia,0.426225569413282,0.567340594155986,0.596,0.935,0.925,0.575,0.622,-0.2654510089035279,-0.13677537422858752,0.150673037321859,0.214814606286446,NA
KHM.16_1,Cambodia,0.724653924046749,0.754863429003195,0.596,0.935,0.934,0.705,0.755,1.426903937007941,2.948159987862774,1,1,0.752537403425249
KHM.17_1,Cambodia,0.6855138852655079,1.01691054100728,0.596,0.935,0.932,0.542,0.582,-0.26499450551597087,-0.27032804155910306,0.496443133981623,0.786982293305087,NA
KHM.18_1,Cambodia,0.41152339754505,0.575849111930974,0.596,0.935,0.926,0.497,0.537,-0.2678165012649556,-0.27705795859765225,0.253178375807757,0.406297935245221,0.622066872982895
KHM.19_1,Cambodia,0.7079443181114751,0.809657982824306,0.596,0.935,0.913,0.543,0.594,-0.26277992536530714,-0.12859775462984335,0.19908414746328,0.347989656512102,0.685461725572521
KHM.20_1,Cambodia,0.27063830100935,0.445021057742673,0.596,0.935,0.912,0.493,0.541,-0.26723355099422746,-0.2812447112572123,0.429108542587745,0.661751818385245,0.613780468435955
KHM.21_1,Cambodia,0.463169286519814,0.5571950638748,0.596,0.935,0.921,0.528,0.574,-0.25831659436960785,-0.20135270707496225,0.532043851021252,0.730037385430885,NA
KHM.22_1,Cambodia,0.696775577656896,4.66494211543482,0.596,0.935,0.926,0.497,0.537,-0.26758485796003867,-0.28921941500894094,0.380399046587972,0.548287579300779,0.67615316308106
KHM.23_1,Cambodia,0.708939977981739,1.95061750556265,0.596,0.935,0.887,0.552,0.622,-0.23993861093912228,-0.15159996638605946,0.405596536700241,0.655488619252854,0.729092253419836
KHM.24_1,Cambodia,0.518253469984032,0.610275126766498,0.596,0.935,0.926,0.598,0.646,-0.2537576923350145,-0.07039398153375158,0.221841238991271,0.365030928178063,NA
KHM.25_1,Cambodia,0.48726369996552,0.962739081684029,0.596,0.935,0.938,0.549,0.585,-0.25898110005664626,-0.12985962407836665,0.165952828423207,0.270964036880283,0.679269937089558
LBR.1_1,Liberia,0.105249688975036,0.806218935889373,0.485,0.853,0.858,0.408,0.476,-0.26674003806813057,-0.24094877401685477,0.0601638435404665,0.115451429152606,0.506503148658068
LBR.2_1,Liberia,0.117046532524589,0.606895281629253,0.485,0.853,0.845,0.395,0.468,-0.2684194074279845,-0.26395103762634065,0.0384210009251553,0.0638969477441683,0.663681638773584
LBR.3_1,Liberia,0.0426019496309062,0.433060675135301,0.485,0.853,0.81,0.354,0.437,-0.2692524846064211,-0.291863726758334,0.010242053155653,0.0105010350707461,0.833281221186454
LBR.5_1,Liberia,0.112878928818875,0.475358227161137,0.485,0.853,0.838,0.383,0.456,-0.267072290716567,-0.27330898211283594,0.0626890281892177,0.106512680398746,0.608360701006065
LBR.4_1,Liberia,0.0715502831620499,0.622680068239913,0.485,0.853,0.86,0.374,0.435,-0.2682054294512672,-0.2739535080383334,0.0119308841532567,0.0331508723966313,0.337695818149743
LBR.6_1,Liberia,0.160723548401238,0.827141673077384,0.485,0.853,0.84,0.421,0.501,-0.26905607461161146,-0.2877874443380576,0.0345641858727706,0.0555150986038105,0.588459556533441
LBR.7_1,Liberia,0.0549426493891926,0.369115133411596,0.485,0.853,0.798,0.376,0.471,-0.2692524846064211,-0.2873515380831654,0.01814269489994,0.0245289673954051,0.764293066719014
LBR.8_1,Liberia,0.0380583553430153,0.286203298306548,0.485,0.853,0.833,0.39,0.468,-0.2691644453710836,-0.2742667528371625,0.0140069007518186,0.0294148315165615,0.56204557863521
LBR.9_1,Liberia,0.179604464390838,0.425505448884137,0.485,0.853,0.842,0.435,0.517,-0.2545063075592587,-0.2061740149845405,0.0295192397056914,0.0476390930234086,0.588411508312205
LBR.10_1,Liberia,0.180973286613101,0.662459048831048,0.485,0.853,0.866,0.432,0.499,-0.26700088964998325,-0.2337821563788401,0.0793914962781021,0.109297110470858,0.671125439766488
LBR.11_1,Liberia,0.409419962879978,0.644250946353484,0.485,0.853,0.901,0.52,0.577,-0.20359027182385797,0.3812005026356991,0.452739746068987,0.619495313338727,0.712689945551825
LBR.12_1,Liberia,0.057190460744528,0.590156085123897,0.485,0.853,0.87,0.446,0.512,-0.2681142723546593,-0.26113403216630143,0.0157035529011966,0.0340825077316383,0.498841714377669
LBR.14_1,Liberia,0.0789029609289068,0.484812937473779,0.485,0.853,0.832,0.407,0.489,-0.26875581943571925,-0.2875252442714045,0.0300051536711798,0.0487976094373388,0.596056586270988
LBR.13_1,Liberia,0.0454857034522881,0.449728482072802,0.485,0.853,0.82,0.386,0.47,-0.2692524846064211,-0.28663466603337895,0.0123250734245502,0.0161770543269404,NA
LBR.15_1,Liberia,0.130649834597876,0.466431028750912,0.485,0.853,0.817,0.403,0.493,-0.2691405971024196,-0.290590493018773,0.0305031742761929,0.0489170771757876,0.546146821707919
LSO.1_1,Lesotho,0.8572573872643341,1.21700207292551,0.521,0.999,1.006,0.55,0.546,-0.2307642437972655,-0.18042917966193353,0.187777698392492,0.161488774055099,1.21849995328552
LSO.2_1,Lesotho,0.7851288723011101,1.12498242903036,0.521,0.999,1,0.527,0.527,-0.25364855680239434,-0.2502277953304105,0.135566447639835,0.119586932246408,1.11886473113842
LSO.3_1,Lesotho,0.765705983774986,1.08841534962075,0.521,0.999,0.983,0.515,0.524,-0.24526077110912411,-0.2177301262972956,0.252277209238448,0.210157528546611,1.2389247829944
LSO.4_1,Lesotho,0.745677742090341,1.08765431521423,0.521,0.999,1.005,0.501,0.499,-0.2589633155328868,-0.24510198667860428,0.175041577497658,0.143002966409959,1.20846109013807
LSO.5_1,Lesotho,0.86199922262375,1.11877577802887,0.521,0.999,0.981,0.55,0.561,-0.21081841542535304,-0.19870088856020923,1,1,1.1632128068539
LSO.6_1,Lesotho,0.7749709659984729,1.2666258232221,0.521,0.999,1.003,0.51,0.509,-0.26506626202332395,-0.2619762308354527,0.229286774451488,0.180108203654912,NA
LSO.7_1,Lesotho,0.713703537018226,1.36849597053582,0.521,0.999,1.044,0.46,0.441,-0.2620950296293093,-0.27816448673405525,0.19964072215056,0.196632314815007,1.01863518769392
LSO.8_1,Lesotho,0.686918505830418,1.10248560936847,0.521,0.999,1,0.484,0.484,-0.2666359015309619,-0.2739356862166799,0.270453569326626,0.23999413897543,NA
LSO.9_1,Lesotho,0.810505578371105,1.31317670279226,0.521,0.999,1.001,0.464,0.464,-0.2669386793218856,-0.26704497302131636,0.116615537457622,0.10007454368042,1.19999014118274
LSO.10_1,Lesotho,0.567288218386325,1.29415495679682,0.521,0.999,1.054,0.453,0.429,-0.26727951131947186,-0.27917914125334936,0.111930601088239,0.0858080323026408,1.27542728028043
MDG.1_1,Madagascar,0.201353032646736,0.738959521687918,0.484,0.945,0.962247871836866,0.556765374377375,0.57682013305333,-0.26393146489017183,-0.187055327767087,0.366181422984129,0.510497036777823,NA
MDG.2_1,Madagascar,0.1855818248471,0.887924487127411,0.484,0.945,0.955,0.509,0.533,-0.267722048537922,-0.26081451418861845,0.0982282921288244,0.12182519173482,0.826701402980396
MDG.3_1,Madagascar,0.0740377759417832,0.786071858558157,0.484,0.945,0.93710605073505,0.439207631294845,0.468401718519818,-0.26894363437721774,-0.2524937353695539,0.0193050606396925,0.0281434102475055,0.754392817263685
MDG.4_1,Madagascar,0.0892416982766685,0.833123455228711,0.484,0.945,0.951694394184255,0.48546781950108,0.510144220310964,-0.2688429924548791,-0.2803740639930147,0.0333970521243674,0.047035942825162,NA
MDG.5_1,Madagascar,0.14209549605795002,0.723886708754915,0.484,0.945,0.950485547966413,0.508314279845889,0.535022083697093,-0.2669436562729864,-0.25761607587316654,0.0117867849307608,0.0149690745162318,0.804300285805932
MDG.6_1,Madagascar,0.0704973335766706,0.654929445729212,0.484,0.945,0.963252426694179,0.403139880278061,0.419128935387111,-0.2687477835871091,-0.2775019585388327,0.0232112073114384,0.0336081364939508,NA
MLI.1_1,Mali,0.406418461257754,0.488909954702457,0.417,0.767,0.87,0.559,0.642,2.8059584123826884,9.996861698205404,0.40936449157442,1,0.335177710262098
MLI.2_1,Mali,0.051869593310057,0.304507834200462,0.417,0.767,0.812,0.343,0.422,-0.269051616873248,-0.29753034987336013,0.0203764346315449,0.0773182624029568,0.280723365428674
MLI.3_1,Mali,0.149304613028619,0.336598926015414,0.417,0.767,0.744,0.328,0.441,-0.2667710211103783,-0.28216637563342734,0.0096397088120445,0.0440072945085814,0.245404934113048
MLI.4_1,Mali,0.117901504487814,0.581552745175746,0.417,0.767,0.812,0.343,0.422,-0.2691925501502551,-0.30086836446311455,0.0129922420042374,0.0145771861627196,0.781736159355375
MLI.5_1,Mali,0.123252752712774,0.360282677666356,0.417,0.767,0.832,0.383,0.46,-0.26156580758627956,-0.26397012383639723,0.0125833448892085,0.0535657326911878,0.255264627378932
MLI.6_1,Mali,0.0375059838506418,0.206107073393292,0.417,0.767,0.837,0.313,0.374,-0.26839836443706305,-0.2727541483946279,0.003858075380295,0.0178232522740708,0.240330815244893
MLI.7_1,Mali,0.0692380243339611,0.32826026299149,0.417,0.767,0.811,0.332,0.409,-0.266477365388813,-0.2577128681668285,0.008243006272255,0.0340638692878006,0.265410690435364
MLI.8_1,Mali,0.0400403266917239,0.241925534298545,0.417,0.767,0.804,0.355,0.441,-0.26585282045214625,-0.25624228212343175,0.0102399659037629,0.051287521653821,0.221150122825425
MLI.9_1,Mali,0.0729511581375283,0.305914733035013,0.417,0.767,0.786,0.285,0.362,-0.26917940057315154,-0.2998448875188813,0.0382705312207266,0.1211538040932869,NA
MOZ.1_1,Mozambique,0.0751331803570489,0.290416497895031,0.461,0.929,0.91,0.403,0.443,-0.2664315656166713,-0.2772316357047679,0.0659343610142979,0.135994971383561,0.518082741201811
MOZ.2_1,Mozambique,0.436331061425335,0.625658580740024,0.461,0.929,0.955,0.494,0.517,-0.26564107061305037,-0.2840269999188123,0.113671419451224,0.185778514383666,0.879942150565847
MOZ.3_1,Mozambique,0.500783526312405,1.09273504431414,0.461,0.929,0.972,0.506,0.52,-0.2669556327931329,-0.2828068772450097,0.0838650713359413,0.158711766756542,0.778684483617321
MOZ.4_1,Mozambique,0.176414226991287,0.414026847986172,0.461,0.929,0.897,0.452,0.504,-0.26622599599907404,-0.2689153394586451,0.120214603354129,0.214372693346977,0.629758620472316
MOZ.6_1,Mozambique,0.5161411710034209,0.850477046289709,0.461,0.929,0.967,0.582,0.602,-0.23025980974869584,-0.2700156034547675,1,1,0.900394827522555
MOZ.5_1,Mozambique,0.649565347269458,0.81841095357251,0.461,0.929,0.972,0.629,0.647,2.1218159330179116,2.804120149078816,0.995410286894711,1,NA
MOZ.7_1,Mozambique,0.0412976102886222,0.230382950237635,0.461,0.929,0.93,0.428,0.46,-0.2621221289641835,-0.23534285701981847,0.0649951557774092,0.117592802872165,0.554640099068897
MOZ.8_1,Mozambique,0.047810672438025593,0.173763724140055,0.461,0.929,0.926,0.401,0.433,-0.26841702205366713,-0.28690507556109246,0.0746391260491249,0.143822887828839,NA
MOZ.9_1,Mozambique,0.176265436993772,0.379723995622205,0.461,0.929,0.885,0.459,0.518,-0.2613506001005347,-0.271971687085405,0.134855438114398,0.2503245970023,0.578162318833362
MOZ.10_1,Mozambique,0.108249249484876,0.788286493139115,0.461,0.929,0.927,0.402,0.434,-0.2632075795257285,-0.2713975648203509,0.0556738604298074,0.100621779708907,0.586652478261009
MOZ.11_1,Mozambique,0.0719282413492778,0.587238854466264,0.461,0.929,0.903,0.373,0.413,-0.2673261277080022,-0.25318353228490403,0.034602331944505,0.059584040609435,0.636129584311786
MRT.1_1,Mauritania,0.390318968055466,1.0254212202666,0.539,0.874,0.875,0.53,0.606,-0.26915991547648827,-0.30132559225359173,0.115643483811094,0.298019326048947,0.490164597790236
MRT.2_1,Mauritania,0.20858915302339,0.791588805521276,0.539,0.874,0.882,0.454,0.514,-0.2686057817809206,-0.2923624681515879,0.0242388716995579,0.0669067856953667,0.503549725040295
MRT.3_1,Mauritania,0.20781521976470305,0.701734330964838,0.539,0.874,0.895,0.498,0.556,-0.2686384906227102,-0.29193852870108444,0.0496981669179513,0.148607980159319,0.438190970201903
MRT.4_1,Mauritania,0.537416843750684,1.43984506848284,0.539,0.874,0.956,0.667,0.698,-0.2634472160536748,-0.29443964180402504,0.281876239848877,0.562854796990652,0.38703181698897
MRT.5_1,Mauritania,0.182648921058903,0.453978988299349,0.539,0.874,0.89,0.44,0.495,-0.2675087807599536,-0.2765148247892189,0.0601232482035805,0.15809565086027,0.455453801817516
MRT.6_1,Mauritania,0.2349199803242,1.32661529392462,0.539,0.874,0.868,0.416,0.48,-0.2686922625489444,-0.27412777745276246,0.0131820775810392,0.0403368254032707,0.372154527958261
MRT.7_1,Mauritania,0.112200652507869,0.627027843821138,0.539,0.874,0.875,0.384,0.438,-0.26917763106897746,-0.2987617277475067,0.0085356980951397,0.0282372539452645,0.389446700744685
MRT.8_1,Mauritania,0.187823356469574,0.964070787334308,0.539,0.874,0.92,0.44,0.478,-0.2690352446022817,-0.29540875315038995,0.0260821295375147,0.0632612660581225,0.460946407458283
MRT.10_1,Mauritania,0.590487057435189,0.935560386924393,0.539,0.874,0.918,0.63,0.687,0.3137523055074781,0.4732440164737208,0.454957061728669,0.92678484124603,0.512394770080141
MRT.11_1,Mauritania,0.172825850123009,0.510871123087032,0.539,0.874,0.906,0.488,0.538,-0.269204476732266,-0.3007914720071148,0.0275464937198041,0.0771335301671108,0.533296867479681
MRT.12_1,Mauritania,0.588497581619762,1.02134956954085,0.539,0.874,0.907,0.671,0.74,-0.2690035497762377,-0.30135701784400626,0.330087884565513,0.832633327720721,0.401674266846586
MRT.13_1,Mauritania,0.349363403955812,0.745439400047752,0.539,0.874,0.918,0.63,0.687,-0.2686553207528893,-0.2981978931810689,0.0536810228729472,0.13876247919743,0.469032989888799
MWI.1_1,Malawi,0.0333156453102008,0.200383404984608,0.498,0.919,0.939,0.459,0.489,-0.260667111301325,-0.151435161831343,0.006963266391951,0.0179602808329201,0.429635405234676
MWI.2_1,Malawi,0.108626262482332,0.36491867961616,0.498,0.919,0.975,0.546,0.56,-0.08446121491544546,0.18745333885346313,0.0371206603205185,0.0820305188949656,0.419856111218714
MWI.3_1,Malawi,0.0406103836010773,0.289167586772561,0.498,0.919,0.939,0.459,0.489,-0.263440534859676,-0.21148946227744916,0.0016186013373976,0.0049107688416176,0.32403553182584
MWI.4_1,Malawi,0.0279736726334544,0.260845670328331,0.498,0.919,0.939,0.459,0.489,-0.2550184918552934,0.07118447861306046,0.0032434449987799,0.0095498693183052,0.408060741920806
MWI.5_1,Malawi,0.0336369943057787,0.297470908368501,0.498,0.919,0.951,0.513,0.539,-0.2684223372782552,-0.25446068584751363,0.0083169531612039,0.0233389285031274,0.405336384297932
MWI.6_1,Malawi,0.0160140837151351,0.40393037257019,0.498,0.919,0.949,0.452,0.477,-0.2664971676534487,-0.17545554763417823,0.0023794871974161,0.0070843758874158,0.373607795734127
MWI.7_1,Malawi,0.0238793204898516,0.245343598067548,0.498,0.919,0.949,0.452,0.477,-0.26446565725148885,-0.10693011500380212,0.0019237254574042,0.0059473470169403,0.332693491519326
MWI.8_1,Malawi,0.0433778096761958,0.209906340700409,0.498,0.919,0.951,0.513,0.539,-0.26721574793760683,-0.2691127251693896,0.0055390659145428,0.0148302022100809,0.400597209056863
MWI.9_1,Malawi,0.0392826143024324,0.39767987033168,0.498,0.919,0.969,0.492,0.508,-0.2658386328641189,-0.2188894890594155,0.004576470771328,0.0112340003350449,0.359839485711573
MWI.10_1,Malawi,0.0793666417810644,0.295562148970616,0.498,0.919,0.907,0.522,0.574,-0.2692524846064211,-0.04753763303932994,0.0166576970904566,0.0280121009771598,0.7116088499576
MWI.11_1,Malawi,0.13116371120688,0.458489134016079,0.498,0.919,0.958,0.491,0.513,-0.20738105738225365,0.04138095927480548,0.0256561322869021,0.0555485378634328,0.434090719487575
MWI.12_1,Malawi,0.0161011068289725,0.186183081663673,0.498,0.919,0.932,0.44,0.472,-0.2648829470556041,-0.16643282181093516,0.002260080336463,0.0070349084800404,0.340343048694503
MWI.13_1,Malawi,0.0135866926377151,0.0895811595188917,0.498,0.919,0.942,0.441,0.468,-0.2642313441416061,-0.21024564241502633,0.0029792778824368,0.0089855761015336,0.348285672461298
MWI.14_1,Malawi,0.0142033335051056,0.169232351299732,0.498,0.919,0.949,0.452,0.477,-0.2640431349378712,-0.14248533503335933,0.0052834426481422,0.0122632058456145,0.394966072050513
MWI.15_1,Malawi,0.0161400661994222,0.216317574992351,0.498,0.919,0.937,0.452,0.483,-0.2600397337631381,-0.04033573372286122,0.0019059107909748,0.0068608682186675,0.318306293168011
MWI.16_1,Malawi,0.0363719918514381,0.293295678933988,0.498,0.919,0.939,0.459,0.489,-0.26145010010600017,-0.16429210016177215,0.004945782401449,0.013885809231571,0.386799777385786
MWI.17_1,Malawi,0.0734122946669964,0.311461976699699,0.498,0.919,0.955,0.514,0.538,-0.262759166219786,-0.21351723571685305,0.0131685073996652,0.0300885279638458,0.448082602728677
MWI.18_1,Malawi,0.02721790657858529,0.26077351308355,0.498,0.919,0.939,0.459,0.489,-0.2552299568735753,-0.22644157134096157,0.0058902246047996,0.0161033154985109,0.39516878804434
MWI.19_1,Malawi,0.069340624903197,0.237931606735461,0.498,0.919,0.951,0.513,0.539,-0.2687215085743922,-0.28168801528000387,0.0032877158627658,0.0101085716870802,0.328077261893266
MWI.20_1,Malawi,0.0415282666690472,0.23321748050261,0.498,0.919,0.949,0.452,0.477,-0.2672763012328317,-0.2616315830106786,0.0052341943275493,0.0127782881498182,0.378560534953851
MWI.21_1,Malawi,0.0356095033215911,0.274551047688346,0.498,0.919,0.939,0.459,0.489,-0.26521077269121013,-0.17704255593737853,0.0017558672763844,0.0061747420119955,0.314623937794166
MWI.22_1,Malawi,0.02589628658677619,0.212713184507783,0.498,0.919,0.949,0.452,0.477,-0.2655891707984201,-0.1533410846233526,0.0024093479241584,0.0077674649603527,0.3613322968234
MWI.23_1,Malawi,0.0170980289123362,0.175236955308225,0.498,0.919,0.949,0.452,0.477,-0.26733220882746417,-0.1664656280490543,0.0026565979005932,0.0073389749598419,0.365602660692535
MWI.24_1,Malawi,0.00599508874860364,0.106969757574916,0.498,0.919,0.939,0.459,0.489,-0.2661476406226423,-0.08148996940743222,0.0014631039190156,0.0050119807717813,0.312337040550587
MWI.25_1,Malawi,0.0642101435670432,0.251587958331875,0.498,0.919,0.951,0.513,0.539,-0.26849343401575004,-0.27587042602686224,0.0066119786193843,0.0167666306851932,0.395864808875049
MWI.26_1,Malawi,0.0388653170478949,0.274863750875335,0.498,0.919,0.932,0.439,0.471,-0.2625187657477933,-0.18536540360426176,0.0075509643976761,0.0182004084528395,0.397023429707248
MWI.27_1,Malawi,0.0264123030175557,0.187432567365456,0.498,0.919,0.939,0.472,0.503,-0.2547035206122059,0.06305001713145283,0.0014728663586585,0.0049029686925904,0.336489647446841
MWI.28_1,Malawi,0.0498780914740804,0.236905338380789,0.498,0.919,0.954,0.493,0.517,-0.25398415999705043,-0.08985644266881773,0.0070354699119579,0.0180297381844233,0.402675828998253
NGA.1_1,Nigeria,0.217599455630048,0.501128126902049,0.53,0.858,0.93,0.62,0.666,-0.23191798190471508,0.42061719916266627,0.177719730846462,0.252200393358774,0.713308964071686
NGA.2_1,Nigeria,0.0662548189679951,0.357046346901727,0.53,0.858,0.83,0.437,0.527,-0.26281786271740276,-0.19078853429740383,0.0650659132852149,0.152008541247404,0.418381481284915
NGA.3_1,Nigeria,0.254645369898697,0.864954364453481,0.53,0.858,0.901,0.574,0.638,-0.16080607789659945,0.4274798102153279,0.0786971587701815,0.112523446382876,0.694839273077176
NGA.4_1,Nigeria,0.31495066687875,0.821460263923783,0.53,0.858,0.94,0.643,0.684,-0.15837319312646264,0.7725135271160853,0.109356806873896,0.150828944082639,0.716062779410635
NGA.5_1,Nigeria,0.0290024445566682,0.179796516414895,0.53,0.858,0.8,0.372,0.465,-0.26545675487082654,-0.182024298629322,0.0320959057044303,0.104671557705075,0.301197740056194
NGA.6_1,Nigeria,0.108194764197372,0.238774723877262,0.53,0.858,0.9,0.617,0.686,0.24533293360553893,-0.0866155074985815,0.0542929212162638,0.0763540410421412,0.686919011811147
NGA.7_1,Nigeria,0.08218552642661409,0.346405826373526,0.53,0.858,0.856,0.558,0.652,-0.26225283596689297,-0.13628803656907623,0.0831731689577089,0.150972782517706,0.550138924729082
NGA.8_1,Nigeria,0.104793484307126,0.293818971084431,0.53,0.858,0.844,0.468,0.555,-0.2652123696385961,-0.22665802900670765,0.0596844137898626,0.140908984805069,0.391621323208193
NGA.9_1,Nigeria,0.229064468331657,0.78804787089843,0.53,0.858,0.908,0.584,0.643,-0.263812980992204,-0.1390143897443841,0.0854363470792433,0.119690803136491,0.69777222022773
NGA.10_1,Nigeria,0.239298044904616,0.514811144056982,0.53,0.858,0.906,0.63,0.695,0.5036561041280159,0.00436016209384285,0.143092442673892,0.195450415723387,0.744173349957629
NGA.11_1,Nigeria,0.05737185499074049,0.294378966765545,0.53,0.858,0.882,0.535,0.607,-0.24986567755766328,0.11822567782744337,0.0583932131134479,0.106310906675092,0.610629041402462
NGA.12_1,Nigeria,0.23630086915692505,0.513257677595786,0.53,0.858,0.922,0.603,0.654,-0.15233117136880495,-0.10541646421958746,0.162149896906713,0.238249681890096,0.677165543883518
NGA.13_1,Nigeria,0.201595757254226,0.586616751306537,0.53,0.858,0.897,0.58,0.646,-0.25263762551009833,0.2543896462974738,0.107848150530293,0.135760138122614,0.800702537002359
NGA.14_1,Nigeria,0.214338070023092,0.511536736215891,0.53,0.858,0.923,0.616,0.668,-0.24221330076683897,0.20553864865906363,0.126966803886952,0.19140343804288,0.727006320697569
NGA.15_1,Nigeria,0.213886219718186,0.54291349846074,0.53,0.858,0.891,0.608,0.683,-0.05611025409219285,0.1742071481329627,0.468075655199116,0.652086006064512,0.551859057491992
NGA.16_1,Nigeria,0.0450827979591553,0.20001136592990101,0.53,0.858,0.812,0.356,0.438,-0.2621885054794757,-0.1377648665711701,0.0495798445277604,0.126806208073947,0.360187859381518
NGA.17_1,Nigeria,0.297508093461239,0.982405831079398,0.53,0.858,0.921,0.619,0.672,0.0126646740680026,0.6156005664795893,0.0908915171100201,0.125280194087719,0.74605993098695
NGA.18_1,Nigeria,0.0173993558754962,0.0657318929660662,0.53,0.858,0.767,0.344,0.448,-0.25865410079156637,-0.0833430586936751,0.0127607388599376,0.0537928506113719,0.241451070776568
NGA.19_1,Nigeria,0.0927680601600434,0.35834587822421,0.53,0.858,0.816,0.448,0.549,-0.25048671802782113,-0.13282157769281897,0.121970655598805,0.263193783450784,0.445623273784372
NGA.20_1,Nigeria,0.0920519116707595,0.247832679084952,0.53,0.858,0.803,0.422,0.525,-0.2244762866798512,0.2897894359446781,0.0988461349690945,0.307123312999952,0.289329707544338
NGA.21_1,Nigeria,0.0201670250428376,0.0358565986673159,0.53,0.858,0.773,0.383,0.495,-0.25524386705393315,-0.0033348086456124002,0.0225238452364639,0.0927976601352793,0.242055362631346
NGA.22_1,Nigeria,0.00368704302308368,0.0375303706012098,0.53,0.858,0.685,0.257,0.375,-0.26219721007175056,-0.18971107941661483,0.0168703133488498,0.0598529844137416,0.285239246566568
NGA.23_1,Nigeria,0.127954028912771,0.340366587221837,0.53,0.858,0.839,0.503,0.6,-0.2613502965517767,-0.16235150217604846,0.0667593565718929,0.117851479659464,0.567385748271348
NGA.24_1,Nigeria,0.182696204910892,0.489568329939092,0.53,0.858,0.905,0.543,0.599,-0.2617700100639696,-0.2206450868056049,0.245554752208534,0.349336035662823,0.705309688392851
NGA.25_1,Nigeria,0.54172152965517,0.776770946053064,0.53,0.858,0.939,0.66,0.703,0.5491080749408955,2.6852114255607606,0.429876118967075,0.48620383730639,0.740982607852313
NGA.26_1,Nigeria,0.11459745696764,0.377581110649174,0.53,0.858,0.854,0.526,0.616,-0.25980032197051894,-0.21548100911213905,0.0963924970802112,0.208204911655888,0.448878690387458
NGA.27_1,Nigeria,0.0610375054304677,0.267983653506963,0.53,0.858,0.78,0.421,0.539,-0.2637619883123581,-0.23057472531367865,0.0764332086932812,0.165653846348092,0.440255566942488
NGA.28_1,Nigeria,0.31966101683287,0.745944392513766,0.53,0.858,0.918,0.644,0.702,-0.1936234598263006,-0.00674958102729229,0.127293746380573,0.164515460003997,0.790542152497416
NGA.29_1,Nigeria,0.181551770530935,0.476125856997069,0.53,0.858,0.91,0.581,0.638,-0.25367364288329547,-0.0126751469398907,0.117338733235083,0.151607439010893,0.783913917993732
NGA.30_1,Nigeria,0.183130164683975,0.878218945118712,0.53,0.858,0.897,0.581,0.648,-0.2334806196973969,0.16129814349300067,0.124433038528538,0.155096638004166,0.806209444793084
NGA.31_1,Nigeria,0.249906669215964,0.410484999312623,0.53,0.858,0.897,0.599,0.667,-0.2483504277057853,-0.04450518835161722,0.272475523078298,0.374319717940288,0.74129543320282
NGA.32_1,Nigeria,0.0906587022387379,0.37094134049447,0.53,0.858,0.876,0.525,0.599,-0.2618435234865631,-0.1611111033296964,0.0943258286006196,0.173284441317522,0.540246953193433
NGA.33_1,Nigeria,0.30830918399527,0.522748951714297,0.53,0.858,0.911,0.617,0.678,0.5698220299333069,0.428716913754454,0.198094669857481,0.253953625746679,0.730457128835521
NGA.34_1,Nigeria,0.00753297310289462,0.0537049181364724,0.53,0.858,0.71,0.269,0.379,-0.26377545097288896,-0.1581684982945371,0.063962606125142707,0.169778909449504,0.385797217768173
NGA.35_1,Nigeria,0.05766549498838649,0.33721738747625,0.53,0.858,0.806,0.444,0.551,-0.2663085288774998,-0.25585081249264124,0.060727787774655,0.138845886531228,0.414100011765764
NGA.36_1,Nigeria,0.0275641848809982,0.194394392178369,0.53,0.858,0.772,0.311,0.402,-0.2657083714304089,-0.23589140935242617,0.0275123649808591,0.100928371021384,0.249431529565523
NGA.37_1,Nigeria,0.03696373247531299,0.244815801548509,0.53,0.858,0.742,0.349,0.47,-0.2645985632269487,-0.1848695512405862,0.0162018753243332,0.0702455883431244,0.235471981862925
NPL.1_1,Nepal,0.283731845334558,0.52193403404171,0.574,0.903,0.932,0.569,0.611,-0.21587118972846756,0.09257548845150276,0.388521066306713,0.775749501017007,NA
NPL.1_1,Nepal,0.684424511043961,0.856673071996053,0.601,0.885,0.842,0.5,0.593,-0.20318875094853617,0.2282974246279416,0.529717237018406,0.850102679706482,NA
NPL.2_1,Nepal,0.214042561001386,0.524966483921361,0.574,0.903,0.949,0.57,0.6,-0.24563276738083223,-0.07618711267494159,0.175558805078872,0.312887606892047,NA
NPL.2_1,Nepal,0.618366137928547,0.868215384424869,0.601,0.885,0.896,0.563,0.628,-0.24130489560361593,0.00921955022426525,0.244960950550307,0.356789127932094,NA
NPL.3_1,Nepal,0.0788764003275186,0.22794210401027,0.574,0.903,0.92,0.54,0.587,-0.2652682335346927,-0.15271608076550933,0.108340757725441,0.225810975780206,NA
NPL.3_1,Nepal,0.48700901859043905,0.693378992218304,0.601,0.885,0.889,0.557,0.626,-0.26378400340061936,-0.10306954993809649,0.167482509403792,0.289395032976912,NA
NPL.4_1,Nepal,0.08637240886634609,0.283523432619712,0.574,0.903,0.945,0.546,0.578,-0.2649346748072495,-0.22771574213469797,0.266815644536251,0.506281460776843,NA
NPL.4_1,Nepal,0.523641363936188,0.769028400841769,0.601,0.885,0.914,0.606,0.664,-0.2634755963018811,-0.224984601644338,0.486135879257867,0.749248899694633,NA
NPL.5_1,Nepal,0.31554016866067497,0.581233723618418,0.574,0.903,0.958,0.597,0.623,-0.2548567979086812,-0.15180468588028606,0.403909316093815,0.684177716631237,NA
NPL.5_1,Nepal,0.770323844182816,0.9619231468919,0.601,0.885,0.908,0.623,0.686,-0.25135750811565033,-0.14577592511195733,0.743079211510531,1,NA
PAK.2_1,Pakistan,0.0199361750264471,0.0583346972233207,0.534,0.754,0.65,0.346,0.532,-0.2620134585088377,-0.2815135740546672,0.0474577241049783,0.294256126987662,0.150449339539788
PAK.3_1,Pakistan,0.0038468710067553,0.0288241733704026,0.534,0.754,0.519,0.294,0.565,-0.2626539690177092,-0.14448715718486221,0.0139723365740257,0.111649075315216,0.115963122293587
PAK.4_1,Pakistan,0.306755598821562,0.563898383007176,0.534,0.754,0.814,0.583,0.716,1.6752382714707912,1.9785122067689331,0.370713469878404,1,0.268668447004253
PAK.5_1,Pakistan,0.0452715340589372,0.179492465342435,0.534,0.754,0.678,0.401,0.591,-0.2172781702151322,0.04109474780180976,0.0445565873481553,0.315334825485714,0.132039550420421
PAK.7_1,Pakistan,0.152628637599343,0.485988968742735,0.534,0.754,0.783,0.463,0.592,-0.1426726587843083,0.1929955273161841,0.0818545441800723,0.312705943028207,0.244073437362538
PAK.8_1,Pakistan,0.0317399913360023,0.206686383728353,0.534,0.754,0.728,0.421,0.578,-0.173678561608937,-0.01236617584882899,0.124023900158531,0.383924997443972,0.301239752104071
RWA.1_1,Rwanda,0.08306199169108601,0.448825004026396,0.531,0.935,0.948,0.501,0.528,-0.2544653261359426,0.20075731164686936,0.013780439857269,0.0344686465046104,NA
RWA.2_1,Rwanda,0.0801058417778914,0.6140869141046,0.531,0.935,0.96,0.503,0.524,-0.24853602006952075,0.14302112515069831,0.0063685232021078,0.0154416957163445,NA
RWA.3_1,Rwanda,0.08676687523684891,0.495876719351483,0.531,0.935,0.954,0.51,0.534,-0.25763248988924137,0.02698622789188649,0.0058835509694573,0.0163869240505576,NA
RWA.4_1,Rwanda,0.0768524325533387,0.374883274337994,0.531,0.935,0.948,0.51,0.538,-0.2522948089357032,0.1191069049331224,0.0081847068613991,0.0230772598342016,NA
RWA.5_1,Rwanda,0.360678459573616,0.658168118736798,0.531,0.935,0.964,0.616,0.639,0.4045755921213522,1.5821380165712309,0.329047635330221,0.502386967340139,0.510698019974604
SEN.1_1,Senegal,0.675443853852164,0.860202684445229,0.515,0.906,0.878,0.581,0.662,1.5896930188696818,4.851280783330065,0.559134807240978,0.945135039477609,0.568838228669474
SEN.2_1,Senegal,0.261058354344329,0.484821219240966,0.515,0.906,0.874,0.358,0.41,-0.18525856748382913,0.00117289723905097,0.0614572412153107,0.165616694850564,0.450745706534369
SEN.3_1,Senegal,0.239963326279685,0.573654392450229,0.515,0.906,0.885,0.492,0.555,-0.25769932914081495,-0.19678683682707604,0.0857906448739613,0.218186503081539,0.432383267335097
SEN.4_1,Senegal,0.09790422469288368,0.500481444377358,0.515,0.906,0.813,0.313,0.385,-0.2655149851206724,-0.2513130127796863,0.0638034261244488,0.173231776574969,0.396755433926742
SEN.5_1,Senegal,0.278347041702328,0.683197174824649,0.515,0.906,0.813,0.313,0.385,-0.23904620568266796,-0.12530842555137384,0.13898340877611,0.351150594591737,0.451696247847989
SEN.6_1,Senegal,0.15624094511654302,0.597361770115983,0.515,0.906,0.815,0.372,0.457,-0.26552647276344915,-0.2923660934721057,0.259689977298447,0.70014939179804,0.412737799221425
SEN.7_1,Senegal,0.147574611282619,0.692988771751597,0.515,0.906,0.791,0.365,0.461,-0.26712377285903105,-0.253634692926163,0.0790272279323682,0.188286793074373,0.432229511965654
SEN.8_1,Senegal,0.29297258699581197,0.590949328924584,0.515,0.906,0.892,0.382,0.429,-0.26364015874523933,-0.2666593880251452,0.0733701674408258,0.174669614945577,0.475153503594225
SEN.9_1,Senegal,0.311079371809786,0.75853614494609,0.515,0.906,0.959,0.4,0.417,-0.2673276169697105,-0.28166537488005566,0.080121393526465,0.214613768854175,0.466574002622639
SEN.10_1,Senegal,0.33991260654385996,0.697980211745208,0.515,0.906,0.959,0.4,0.417,-0.2609705648588924,-0.25778008391763835,0.154923548217354,0.347830591388402,0.495215855704717
SEN.11_1,Senegal,0.205972463590727,0.697691099545131,0.515,0.906,0.791,0.365,0.461,-0.2666037142429026,-0.24016752097086796,0.132040175018975,0.359299684050061,0.418686190285869
SEN.12_1,Senegal,0.178723052028095,0.583532831834517,0.515,0.906,0.815,0.372,0.457,-0.2683639176030597,-0.2856349511518537,0.11324324271017,0.257635625994586,0.442813470354581
SEN.13_1,Senegal,0.45102882263487504,0.671323304531927,0.515,0.906,0.885,0.522,0.59,-0.16651980503972164,-0.03977051409328375,0.198042522461324,0.41724904419927,0.484192932801918
SEN.14_1,Senegal,0.4216285298599221,0.9024277101128,0.515,0.906,0.845,0.515,0.609,-0.2625151871498397,-0.22764724444986356,0.224043987255692,0.50707507097874,0.47708408277859
SLE.1_1,Sierra Leone,0.0659864775735669,0.388689384717183,0.457,0.893,0.890357183793705,0.430574353098833,0.483739126376549,-0.26775677755912225,-0.2209126323398387,0.0355070053106341,0.0587740138594851,0.620616521947658
SLE.2_1,Sierra Leone,0.0612382955945559,0.313881524649422,0.457,0.893,0.866598539301662,0.415769497349815,0.480067860512792,-0.2681855700273859,-0.2478565980751901,0.0225677924650152,0.0467584663205936,0.553482775904641
SLE.3_1,Sierra Leone,0.0750375686074889,0.371425813307463,0.457,0.893,0.913885674272491,0.430262144041189,0.472125987797139,-0.26791906894665424,-0.23596498511159367,0.043656617239098,0.076417909638559,0.632127883534166
SLE.4_1,Sierra Leone,0.33594658101249003,0.621682338174655,0.457,0.893,0.925128605765807,0.553389806764067,0.597154580307736,-0.09393710507598234,1.302529820003831,0.492284231838686,0.7285154776444,0.640490006053346
TLS.1_1,Timor-Leste,0.109553748195765,0.487264358711935,0.61,1.041,0.959,0.58,0.605,-0.24416472443296688,-0.2322660435820957,0.0491302831159005,0.0735282772246757,NA
TLS.2_1,Timor-Leste,0.094940525810864193,0.526859935032751,0.61,1.041,0.937,0.524,0.558,-0.2520175417257432,-0.23411061891509072,0.0614657849732591,0.0983436255233218,NA
TLS.3_1,Timor-Leste,0.05778813192269259,0.353203308178428,0.61,1.041,0.927,0.519,0.559,-0.2281741878789766,-0.2271594831928876,0.0348939868193684,0.0581733933330994,NA
TLS.4_1,Timor-Leste,0.241656623920688,0.714687823760846,0.61,1.041,0.944,0.566,0.599,-0.25117970969791586,-0.2315846770466168,0.0250798882397822,0.0534920175219574,NA
TLS.5_1,Timor-Leste,0.133522787032689,0.72605008403499,0.61,1.041,0.94,0.564,0.6,-0.2536313551858899,-0.23768834694384783,0.0565746307817076,0.0961957850570018,NA
TLS.6_1,Timor-Leste,0.109726508014666,0.933011131921136,0.61,1.041,0.944,0.579,0.613,-0.2547907475717459,-0.25310940175546975,0.0169913700023154,0.0247437714845519,NA
TLS.7_1,Timor-Leste,0.4730927877298241,0.755734370395585,0.61,1.041,0.968,0.7,0.723,0.03074076070125976,0.4016869064204481,1,1,NA
TLS.8_1,Timor-Leste,0.05574904288119699,0.725812847766327,0.61,1.041,0.935,0.523,0.559,-0.2279647751312177,-0.15135378733937657,0.0463773583996333,0.0770889264843814,NA
TLS.9_1,Timor-Leste,0.23915344872402097,1.15243497548347,0.61,1.041,0.935,0.565,0.605,-0.2554911695535969,-0.2715741924808461,0.0138151523319217,0.0183584647355206,NA
TLS.10_1,Timor-Leste,0.131344246168865,0.543430544583623,0.61,1.041,0.952,0.597,0.628,-0.19415171894087965,-0.191174291997772,0.0441848454674649,0.0725451195919467,NA
TLS.11_1,Timor-Leste,0.153988733513171,0.744265776556718,0.61,1.041,0.965,0.585,0.606,-0.26236239209792067,-0.27750752145993585,0.143606212657877,0.214199299611713,NA
TLS.12_1,Timor-Leste,0.229798138770539,0.733137159229685,0.61,1.041,0.947,0.58,0.613,-0.25573854696503645,-0.2677368942827664,0.164125526716517,0.272704592498673,NA
TLS.13_1,Timor-Leste,0.0971510496550943,1.16712490291054,0.61,1.041,0.929,0.561,0.604,-0.2614672533419828,-0.265900407432514,0.0250622137467422,0.0478352357884686,NA
TZA.1_1,Tanzania,0.13723577323609398,0.465396057697835,0.507,0.927,0.962,0.529,0.55,-0.2655604905129454,-0.26012539246615585,0.142974093870274,0.282334115262896,NA
TZA.1_1,Tanzania,0.18985866710059895,0.67971698854552,0.532,0.94,0.956,0.524,0.548,-0.26251563271883915,-0.2537387701657254,0.315753981750552,0.50185107119224,NA
TZA.2_1,Tanzania,0.28490458318545303,0.610279162568251,0.507,0.927,0.931,0.597,0.641,0.4291735728623672,2.382222016668329,0.399015376437079,0.685516165261664,NA
TZA.2_1,Tanzania,0.37242371863423895,0.578212780404194,0.532,0.94,0.923,0.591,0.64,1.0358290094012628,3.262133445250769,0.772573750848561,1,NA
TZA.3_1,Tanzania,0.0246293659953075,0.16851604867271,0.507,0.927,0.945,0.457,0.483,-0.2665043665970643,-0.25601288635871383,0.0541633871514698,0.117913029489959,NA
TZA.3_1,Tanzania,0.142802495141369,0.510280390295267,0.532,0.94,0.941,0.453,0.481,-0.25716910359212264,-0.25100763254788183,0.124109390543381,0.217704320405593,NA
TZA.4_1,Tanzania,0.0304629036323603,0.69784350641442106,0.507,0.927,0.917,0.474,0.517,-0.26599950999925964,-0.21993558225824,0.008532652846298,0.0242119363635942,NA
TZA.4_1,Tanzania,0.0529991927376266,0.21271514260014,0.532,0.94,0.912,0.47,0.515,-0.25971632636163877,-0.19915532487491633,0.0173056844884509,0.0395620314871651,NA
TZA.5_1,Tanzania,0.09910515226139348,0.370610323852953,0.507,0.927,0.952,0.535,0.562,-0.2676137850251913,-0.2785302470765901,0.0230244771256845,0.0507324822644297,NA
TZA.5_1,Tanzania,0.216923559275815,1.61967821525727,0.532,0.94,0.947,0.53,0.56,-0.26412219885484844,-0.27700428125923515,0.0545935143442734,0.0969209830932659,NA
TZA.6_1,Tanzania,0.0345345155757848,0.228154060964894,0.507,0.927,0.939,0.477,0.508,-0.26781101875690994,-0.2404367138606567,0.0093959762160116,0.0214191208704396,NA
TZA.6_1,Tanzania,0.08736929795568979,0.367181971601027,0.532,0.94,0.935,0.473,0.506,-0.26615036339257464,-0.2342028051866824,0.0217325438689254,0.039910446068895,NA
TZA.18_1,Tanzania,0.0332740140601897,0.117521572040211,0.507,0.927,0.913,0.512,0.562,-0.2638237862355236,0.01937187599344531,0.0176008337674648,0.0558412407611738,NA
TZA.18_1,Tanzania,0.152650090928536,0.463318649753462,0.532,0.94,0.909,0.509,0.559,-0.24750243732903507,0.04270455184246259,0.0417378554431827,0.106656179943971,NA
TZA.28_1,Tanzania,0.0118792734809628,0.12460589568276,0.507,0.927,0.948,0.539,0.569,-0.2382975249106201,0.05391025681306186,0.0150347100107465,0.0509760294164784,NA
TZA.28_1,Tanzania,0.0602026729031461,0.331457294597194,0.532,0.94,0.945,0.535,0.566,-0.2030537224727636,0.11767990008861656,0.0320333866068155,0.0874537070688224,NA
TZA.7_1,Tanzania,0.033944352577355,0.418829007534231,0.507,0.927,0.913,0.435,0.477,-0.26912482930754467,-0.2906823993017818,0.0098166001605777,0.0277201531341691,NA
TZA.7_1,Tanzania,0.0361624548338359,0.16595920550302,0.532,0.94,0.907,0.431,0.475,-0.2684888812720877,-0.2888005209998316,0.0213419535540789,0.0484542345251786,NA
TZA.8_1,Tanzania,0.0349436697386299,0.154594715672899,0.507,0.927,0.91,0.469,0.515,-0.2686121255305338,-0.2572006582353913,0.0188117138765587,0.0506026811434576,NA
TZA.8_1,Tanzania,0.0591125086972799,0.336603801361842,0.532,0.94,0.906,0.465,0.513,-0.2676577395096071,-0.25152977649796304,0.0424323778165136,0.0918613642980361,NA
TZA.9_1,Tanzania,0.119288790133558,0.540941322618242,0.507,0.927,0.973,0.599,0.616,-0.26201100280718925,-0.18959472520448187,0.0243640292064403,0.0498903760661493,NA
TZA.9_1,Tanzania,0.20833324206129197,0.548874363181271,0.532,0.94,0.968,0.594,0.614,-0.2570452572595414,-0.1790424416152733,0.0567216077288498,0.0934221640828043,NA
TZA.19_1,Tanzania,0.0372056464779843,0.218703490446985,0.507,0.927,0.944,0.556,0.589,-0.2596647636499993,0.032346051327979,0.0073431614267646,0.0189341922517671,NA
TZA.19_1,Tanzania,0.157058895973516,0.606701791290784,0.532,0.94,0.94,0.552,0.587,-0.2382462790133654,0.05081223474564148,0.0177747900010541,0.0367615649426789,NA
TZA.29_1,Tanzania,0.0414478908936943,0.153590830252457,0.507,0.927,0.955,0.594,0.621,-0.2564033546401708,-0.18998094636629825,0.0153142392996839,0.0519889162845796,NA
TZA.29_1,Tanzania,0.308234424478049,1.00735187919765,0.532,0.94,0.949,0.588,0.62,-0.22467095429308537,-0.17762944352255475,0.0353576510766824,0.0967683771585718,NA
TZA.10_1,Tanzania,0.0409029400207349,0.290867089276067,0.507,0.927,0.952,0.47,0.494,-0.2689117792906952,-0.28992076197230404,0.0031646530471886,0.0117172654519847,NA
TZA.10_1,Tanzania,0.0622646468264077,0.828786676973386,0.532,0.94,0.947,0.466,0.492,-0.2683200741207283,-0.28935204689284805,0.0076712638015826,0.0229219665668401,NA
TZA.11_1,Tanzania,0.0333642889523494,0.322253536165507,0.507,0.927,0.962,0.529,0.55,-0.2686204400060807,-0.27266179128321966,0.0100452843493187,0.0208788776479998,NA
TZA.11_1,Tanzania,0.0389467691313038,0.267946354033726,0.532,0.94,0.956,0.524,0.548,-0.26747249595382744,-0.2676083534619569,0.0217712058287702,0.0364977622812123,NA
TZA.12_1,Tanzania,0.03814555116254359,1.551283413758,0.507,0.927,0.91,0.488,0.536,-0.2663126260054011,-0.24914996497202693,0.0080808610921163,0.0268173984391953,NA
TZA.12_1,Tanzania,0.0439544123544027,0.176231993117455,0.532,0.94,0.905,0.484,0.534,-0.2644441329914249,-0.2422379003546827,0.0181600861556765,0.048458191620051,NA
TZA.13_1,Tanzania,0.0650565086523854,0.326689407759246,0.507,0.927,0.936,0.495,0.529,-0.2668285476967474,-0.25991601873808384,0.0612699397178395,0.114615731659392,NA
TZA.13_1,Tanzania,0.16663026878848497,0.89975081897698606,0.532,0.94,0.931,0.491,0.527,-0.26211985195833337,-0.2543807137806114,0.135718936106076,0.204749190164654,NA
TZA.30_1,Tanzania,0.218487932898404,0.42949426620893,0.507,0.927,0.957,0.669,0.698,-0.01272554864265414,1.9922189139340112,0.0210442109331514,0.0745600714899675,NA
TZA.30_1,Tanzania,0.408448386374176,0.927278864811499,0.532,0.94,0.95,0.662,0.697,0.4287706973324325,2.528622289989937,0.0436285804503215,0.124161470518816,NA
TZA.14_1,Tanzania,0.07346480845434052,0.922073062508952,0.507,0.927,0.947,0.504,0.532,-0.26762888316195116,-0.2723518895565461,0.0406836634663643,0.0797557520856642,NA
TZA.14_1,Tanzania,0.0844907615960894,0.456900904567559,0.532,0.94,0.941,0.499,0.53,-0.26515256233980466,-0.2686108370671966,0.0917700203203806,0.14459618224767,NA
TZA.15_1,Tanzania,0.0343823474242472,0.256448923162575,0.507,0.927,0.931,0.464,0.499,-0.2652167648529384,-0.2388879437580515,0.0045270376482653,0.0143110130673846,NA
TZA.15_1,Tanzania,0.05919895338989629,0.738704213967697,0.532,0.94,0.926,0.46,0.497,-0.2622589303519819,-0.23491392035128136,0.0108855583501929,0.0276816909377628,NA
TZA.16_1,Tanzania,0.05250283207388309,0.551461591068184,0.507,0.927,0.917,0.474,0.517,-0.2640930995316282,-0.1977727694733045,0.0538284456486224,0.114992572885292,NA
TZA.16_1,Tanzania,0.16128554038364398,0.475904452934218,0.532,0.94,0.912,0.47,0.515,-0.25555167954045144,-0.18353648148994664,0.119221327986067,0.20499909374901,NA
TZA.17_1,Tanzania,0.0270728269085077,0.170835086959814,0.507,0.927,0.952,0.535,0.562,-0.26828861322328607,-0.27254953539375104,0.0231157991315877,0.0530940718530122,NA
TZA.17_1,Tanzania,0.168298001913557,0.959875401369652,0.532,0.94,0.947,0.53,0.56,-0.26546677080934233,-0.2713987666747325,0.0563729328035084,0.104346102484779,NA
TZA.20_1,Tanzania,0.0544953796204484,0.419323949414723,0.507,0.927,0.912,0.474,0.519,-0.26591024813156144,-0.2704731794231356,0.0089357726344096,0.0261514541861329,NA
TZA.20_1,Tanzania,0.117209304250814,0.321313968300629,0.532,0.94,0.908,0.47,0.518,-0.253184493958301,-0.26652748470756915,0.0203345966347369,0.047729767718999,NA
TZA.21_1,Tanzania,0.0267893509114058,0.299080835107014,0.507,0.927,0.913,0.435,0.477,-0.2687295346200942,-0.2676816102292182,0.0084406262252582,0.0223585386025529,NA
TZA.21_1,Tanzania,0.0372184295693377,0.478518459230367,0.532,0.94,0.907,0.431,0.475,-0.26770522411391334,-0.2617104967763091,0.0182374768032716,0.0388888427884271,NA
TZA.22_1,Tanzania,0.0257000528560928,0.120614514443313,0.507,0.927,0.954,0.514,0.539,-0.268777162171285,-0.28157998839676895,0.0179124413509315,0.0365325481907303,NA
TZA.22_1,Tanzania,0.0532220650139778,0.384593381538175,0.532,0.94,0.948,0.509,0.537,-0.2678758739193815,-0.2792309168599062,0.0405729727505114,0.0667433927139906,NA
TZA.23_1,Tanzania,0.0599211913000965,0.352449822420145,0.507,0.927,0.918,0.46,0.501,-0.26178100648838354,-0.21601678222374637,0.0218679404471262,0.04958474600152,NA
TZA.23_1,Tanzania,0.0584948920711067,0.421058662685419,0.532,0.94,0.913,0.456,0.499,-0.2564302214364078,-0.2064579740307284,0.0502340429477536,0.091743801989558,NA
TZA.24_1,Tanzania,0.0105690766611278,0.940650659214859,0.507,0.927,0.918,0.46,0.501,-0.2687920038717709,-0.241611647154755,0.0032563178372615,0.0098938349275977,NA
TZA.24_1,Tanzania,0.04969271443536779,0.323333128143001,0.532,0.94,0.913,0.456,0.499,-0.267226179987627,-0.2306382881261636,0.0069611872680121,0.0170512341533645,NA
TZA.25_1,Tanzania,0.024536625436204,0.156710275366545,0.507,0.927,0.952,0.506,0.531,-0.2683930109762561,-0.27552810857429505,0.0170623129418798,0.0405060939236791,NA
TZA.25_1,Tanzania,0.102209939920351,0.92664060255707,0.532,0.94,0.947,0.501,0.529,-0.26689217042395014,-0.2722212515791085,0.0383852424598428,0.0736859315603406,NA
TZA.26_1,Tanzania,0.0233589787042051,0.314806800856285,0.507,0.927,0.938,0.442,0.471,-0.2685412666476811,-0.2730002898881492,0.0106622329730357,0.0254352877207014,NA
TZA.26_1,Tanzania,0.0293761438704595,0.243365110302299,0.532,0.94,0.932,0.437,0.469,-0.26746396869177175,-0.2682891684099304,0.0233241846969205,0.0446940961107812,NA
TZA.27_1,Tanzania,0.0931240616859608,0.542552661125734,0.507,0.927,0.951,0.526,0.553,-0.2658616206349683,-0.23463033291500696,0.0047629947314451,0.013628219285609,NA
TZA.27_1,Tanzania,0.0752874413527389,0.233685637514449,0.532,0.94,0.946,0.521,0.551,-0.2626560837147119,-0.2261166965126178,0.0108556831802187,0.0249229415052382,NA
UGA.1_1,Uganda,0.0708472994814104,0.536993919114087,0.531,0.91,0.861,0.442,0.513,-0.26857225383543726,-0.2355060024291557,0.240217291221499,0.365368469144973,0.682933147581744
UGA.2_1,Uganda,0.012548182804014,0.144114968901591,0.531,0.91,0.87,0.434,0.499,-0.2688407703648229,-0.16106865598988837,0.002363056592799,0.0045504454735641,0.5442119025628
UGA.3_1,Uganda,0.019583767256579,0.121194371854313,0.531,0.91,0.861,0.442,0.513,-0.26557773894930964,-0.10838801207572052,0.0460538891629865,0.100383219453821,0.523961496658874
UGA.4_1,Uganda,0.0527217888628624,0.300439781314235,0.531,0.91,0.918,0.497,0.541,-0.2669134652667009,0.03796877390858908,0.0073245754314315,0.0158882774986957,0.479240456423799
UGA.5_1,Uganda,0.0378051034043803,0.137093381675126,0.531,0.91,0.924,0.47,0.508,-0.26668915151330025,-0.1762571394543777,0.0145490864344122,0.0287136700770187,0.523758736584546
UGA.6_1,Uganda,0.0370288410437084,0.321012629101208,0.531,0.91,0.929,0.492,0.529,-0.265136148467442,-0.11982267395325975,0.0058885583882757,0.012638636108702,0.492162215119686
UGA.7_1,Uganda,0.0366278950551204,0.400966200344909,0.531,0.91,0.918,0.497,0.541,-0.2574149507744765,0.09959277696951747,0.0336464851291278,0.0717098391731518,0.474761370742501
UGA.8_1,Uganda,0.0329416283508428,0.11672476956104,0.531,0.91,0.87,0.434,0.499,-0.267679065370515,-0.24064658968415367,0.142134020580758,0.231815988189547,0.614931798757156
UGA.9_1,Uganda,0.0571800829915741,0.18706800461909,0.531,0.91,0.924,0.47,0.508,-0.2602775505591987,-0.15512531108162403,0.052712351797997103,0.0804487122046314,0.606489577228713
UGA.10_1,Uganda,0.0427774218468215,0.553807519751213,0.531,0.91,0.918,0.497,0.541,-0.2627089246085249,0.06389850526847532,0.0652701754854212,0.102631993643169,0.702378434947776
UGA.11_1,Uganda,0.14093012297687302,0.435151260311359,0.531,0.91,0.918,0.497,0.541,-0.19522496122397195,0.29471663458478575,0.0777189198016665,0.148774262869103,0.498953532258591
UGA.12_1,Uganda,0.0587036337972024,0.298645428129365,0.531,0.91,0.929,0.492,0.529,-0.2635729289380016,-0.02785039238874367,0.0195575236887599,0.0417968678197706,0.526951154517107
UGA.13_1,Uganda,0.0775403978573832,0.388070399949898,0.531,0.91,0.924,0.47,0.508,-0.26260114685184005,-0.06801828728531807,0.0358971910202623,0.058776589583222,0.589813141290825
UGA.14_1,Uganda,0,0,0.531,0.91,0.909,0.494,0.544,-0.2692244560436412,-0.17711816617596782,0.0083765493546509,0.0107580471712088,0.845594798125463
UGA.15_1,Uganda,0.0832792024158518,0.38131555494782,0.531,0.91,0.95,0.561,0.59,-0.2686404527650029,-0.2198772297861824,0.0417755450329908,0.0249152924710108,0.894852896882452
UGA.16_1,Uganda,0.35231354437949597,0.573270909602792,0.531,0.91,0.943,0.608,0.645,1.960543864556107,7.038666638588894,1,1,0.728620659124276
UGA.17_1,Uganda,0.03408333804571289,0.287154931462162,0.531,0.91,0.918,0.497,0.541,-0.26666280539292125,-0.07977119771528525,0.005970909442202,0.0119773498337263,0.520298337007257
UGA.18_1,Uganda,0.0171452538008935,0.130617524906647,0.531,0.91,0.924,0.47,0.508,-0.2680305107475369,-0.13948569937497382,0.0053199901234871,0.0086946702888962,0.644155267109853
UGA.19_1,Uganda,0.0477415765209551,0.411460876186013,0.531,0.91,0.929,0.492,0.529,-0.2674037940521633,-0.12931986375291246,0.00847475867502,0.0110427200692532,0.808682408984222
UGA.20_1,Uganda,0.0413798492366115,0.217716497581987,0.531,0.91,0.909,0.494,0.544,-0.2677170150128239,-0.14744186165492543,0.0342951282672362,0.058863940548341,0.544106326610117
UGA.21_1,Uganda,0.0359902431719134,0.158976494511388,0.531,0.91,0.924,0.47,0.508,-0.2616208802267449,-0.11572410485299524,0.0152277098119476,0.0305977984991215,0.505898551717217
UGA.22_1,Uganda,0.00980983099864292,0.0973556075242373,0.531,0.91,0.909,0.494,0.544,-0.2690601283092157,-0.2220686346999058,0.0044965457656527,0.0061557527020279,0.828760687470773
UGA.23_1,Uganda,0,0,0.531,0.91,0.945,0.514,0.545,-0.261389216340598,-0.1095737318384753,0.0196891770293058,0.03189113420846,0.65632149360391
UGA.24_1,Uganda,0.0160034768661088,0.192251717148897,0.531,0.91,0.924,0.47,0.508,-0.2651309354662146,-0.12365589508029962,0.0073894202769201,0.015997514516796,0.453641546435415
UGA.25_1,Uganda,0.0245805787929472,0.182482515593948,0.531,0.91,0.945,0.514,0.545,-0.2666717308188683,-0.2186085008601048,0.0148624264620682,0.0229318327681578,0.569099107480881
UGA.26_1,Uganda,0.0303518127457733,0.369753151197195,0.531,0.91,0.929,0.492,0.529,-0.26489966096523526,0.05205509503828914,0.0117714761112882,0.0278142490228969,0.498438890253194
UGA.27_1,Uganda,0.0408184851141415,0.149690122381857,0.531,0.91,0.87,0.434,0.499,-0.2689708806581729,-0.27015460491890386,0.0200181923260784,0.0344992151132644,0.574132732565224
UGA.28_1,Uganda,0.00798686160070964,0.062012794587458,0.531,0.91,0.87,0.434,0.499,-0.26922031413205627,-0.2710729072136117,0.0040674532724833,0.0041746730034774,0.967169799955511
UGA.29_1,Uganda,0.0189410824990611,0.160695871994279,0.531,0.91,0.909,0.494,0.544,-0.2679729819177162,-0.11215708923491824,0.0038540074036112,0.0067786342493444,0.631422060128241
UGA.30_1,Uganda,0.022107860862863,0.293153962041873,0.531,0.91,0.924,0.47,0.508,-0.2672820444689718,-0.1379249803757293,0.0092652573695286,0.016137269568826,0.561628121726159
UGA.33_1,Uganda,0.02794804456065859,0.2078847242362,0.531,0.91,0.87,0.434,0.499,-0.2670367519068743,-0.168470943242851,0.0297712044438056,0.0633497256315754,0.478610382756656
UGA.34_1,Uganda,0.0785053949066493,0.924177142836373,0.531,0.91,0.945,0.514,0.545,-0.2615535743372349,-0.19787586785061648,0.0422989554943959,0.0667135604891659,0.635817930391114
UGA.35_1,Uganda,0.173500267243065,0.553171428077585,0.531,0.91,0.95,0.561,0.59,-0.24878122503946384,-0.07918598586353386,0.0718817621683072,0.110194822574417,0.677412797143676
UGA.36_1,Uganda,0.0213899383009456,0.122927328116118,0.531,0.91,0.924,0.47,0.508,-0.2659211122898713,-0.2307533268393693,0.0225707715603407,0.0406200515116391,0.521874841291123
UGA.37_1,Uganda,0.0626936808441127,0.260205127868944,0.531,0.91,0.918,0.497,0.541,-0.26224407128913135,0.07278947859051217,0.0081973542544471,0.0205201846999732,0.411008302333
UGA.38_1,Uganda,0.073170093587304,0.396049294842309,0.531,0.91,0.909,0.494,0.544,-0.2520688656560975,0.40568169218065087,0.0362220471043326,0.0667126918869998,0.519891420862813
UGA.39_1,Uganda,0.0654559099108121,0.317654815725113,0.531,0.91,0.929,0.492,0.529,-0.26163698079621217,-0.16100218259111487,0.0336098926865038,0.0550212860407767,0.593108927078749
UGA.40_1,Uganda,0.00774278696748675,0.077692104386304,0.531,0.91,0.87,0.434,0.499,-0.2687170658574004,-0.27423077437644794,0.0072525489204397,0.0101322295716186,0.741045921992748
UGA.41_1,Uganda,0.015321592841844,0.0669284126257675,0.531,0.91,0.861,0.442,0.513,-0.2687073940936251,-0.24063943682547265,0.0512701584135004,0.0875904703210933,0.574483571708684
UGA.42_1,Uganda,0.08808887213984651,0.368755989577847,0.531,0.91,0.95,0.561,0.59,-0.25599534921426137,-0.1625004201026719,0.0346535415445538,0.0533704510618413,0.643740878086471
UGA.43_1,Uganda,0.0452548582118812,0.295703639763599,0.531,0.91,0.945,0.514,0.545,-0.25948506278529343,-0.15047138423872422,0.0155295326951628,0.0258584788914312,0.58184049498145
UGA.44_1,Uganda,0.148461158586593,0.387419962864356,0.531,0.91,0.945,0.514,0.545,-0.2050681812768531,-0.00910002952753088,0.0352140725707392,0.0589124677296994,0.561239754456674
UGA.45_1,Uganda,0.03357699518145349,0.326371357451907,0.531,0.91,0.87,0.434,0.499,-0.26922707237307253,-0.2563615204572973,0.0070937562274991,0.0072410441662667,0.946509628841453
UGA.46_1,Uganda,0.0343352179867474,0.162896575182905,0.531,0.91,0.945,0.514,0.545,-0.2676442079848657,-0.25432167937962985,0.0280512407509322,0.0615909628356811,0.431540440191162
UGA.47_1,Uganda,0.0190281362822681,0.226159839061445,0.531,0.91,0.861,0.442,0.513,-0.26787000787865073,-0.10269199782273684,0.0049194690638288,0.0173064792895403,0.322399643875292
UGA.48_1,Uganda,0.0180234724481202,0.124565615071198,0.531,0.91,0.929,0.492,0.529,-0.2646592203061962,-0.08534837094042531,0.0101335263804605,0.0190005722241925,0.561015626971637
UGA.49_1,Uganda,0.03086136551220629,0.216277725796316,0.531,0.91,0.87,0.434,0.499,-0.2688458473689887,-0.24813815718194243,0.0061974282802448,0.0101822428249561,0.617371574254645
UGA.50_1,Uganda,0.0223601512289108,0.28914555841059,0.531,0.91,0.909,0.494,0.544,-0.2667598777886542,0.0660290222252645,0.0041729365352442,0.0089077102557648,0.492857297874714
UGA.51_1,Uganda,0.0357953050171574,0.209575505802643,0.531,0.91,0.95,0.561,0.59,-0.26291931081920306,-0.17114627388948953,0.0123835329367545,0.0195597481011719,0.64002425492525306
UGA.52_1,Uganda,0.111731892850367,0.390586505849873,0.531,0.91,0.929,0.492,0.529,-0.26576375425244564,-0.1156862728555992,0.0094599843126739,0.0157750291577553,0.650212990473912
UGA.54_1,Uganda,0.0215681185270846,0.251692331012111,0.531,0.91,0.909,0.494,0.544,-0.268420196927871,0.05132570940724439,0.104744106497647,0.134779727188517,0.742820471567873
UGA.55_1,Uganda,0.104423933853596,0.3482291271236,0.531,0.91,0.909,0.494,0.544,-0.2664958330923606,-0.14228246232601194,0.0793326402290567,0.153198083200307,0.566052960229705
UGA.56_1,Uganda,0.0415287695496502,0.370081180548967,0.531,0.91,0.924,0.47,0.508,-0.25683040950638625,0.07909244900556969,0.0150506788971168,0.0283853981940389,0.538762999667635
UGA.57_1,Uganda,0.334473753787451,0.567606932559867,0.531,0.91,0.95,0.561,0.59,0.04358598276987443,0.714725117569114,0.045194600722128,0.0638092250715439,0.700430165841657
UGA.58_1,Uganda,0,0,0.531,0.91,0.861,0.442,0.513,-0.26804890373439144,-0.1028364049825378,0.0947075059190896,0.154835720912332,0.656541722801513
ZAF.1_1,South Africa,0.40513385955145,1.07887024373511,0.725,0.984,0.978,0.672,0.686,-0.23988677823295773,-0.26704988887672804,0.310093741436869,0.331321789284916,1.09611687852802
ZAF.2_1,South Africa,0.45271946893953297,0.821910289644111,0.725,0.984,0.976,0.707,0.724,-0.23265473297647624,-0.28293321274795313,0.383850355601999,0.380747455074044,1.05560931207664
ZAF.3_1,South Africa,0.571277012641072,0.937564341901052,0.725,0.984,0.988,0.734,0.743,0.964062928947519,0.3836068421927242,0.448011583081354,0.433866754464727,0.955854638975691
ZAF.4_1,South Africa,0.415483045798884,1.01871992599687,0.725,0.984,0.974,0.705,0.724,-0.1592588750510441,-0.2024389707116582,0.316581507702867,0.355898254032934,1.00119897389583
ZAF.5_1,South Africa,0.352407834120554,0.656200330973172,0.725,0.984,0.979,0.712,0.728,-0.20191296595178507,-0.2625812222300276,0.306477456447643,0.398117861662198,0.925646496400981
ZAF.6_1,South Africa,0.391428180451061,0.82867668109877,0.725,0.984,0.958,0.668,0.696,-0.14714349344287753,-0.25048077768525895,0.374920021514548,0.407323821807783,0.93643991588928
ZAF.7_1,South Africa,0.413864328470874,0.827546878772464,0.725,0.984,0.982,0.674,0.686,-0.20342424860087271,-0.269456544253787,0.311066991962277,0.300755383708508,0.942103801694636
ZAF.8_1,South Africa,0.409157510420067,0.813906161357537,0.725,0.984,0.988,0.701,0.709,-0.262685224395475,-0.29858051035677247,0.363511415241761,0.378162722686674,0.959239832123275
ZAF.9_1,South Africa,0.6261804639979129,1.01437609547774,0.725,0.984,0.991,0.75,0.757,-0.1985440772717128,-0.25642067418809544,0.493899171503916,0.454862119597371,1.08340825981039
ZMB.1_1,Zambia,0.105159444282473,0.367261033296242,0.571,0.94,1.006,0.57,0.567,-0.26491130428404597,-0.2868919844439259,0.0766545945232161,0.10312000015837,0.715963298076048
ZMB.2_1,Zambia,0.206505592942926,0.582059669742688,0.571,0.94,1.009,0.642,0.636,-0.22632536213237353,-0.23456652474581985,0.286713177850936,0.333489207578554,0.797425740135464
ZMB.3_1,Zambia,0.0444985301742312,0.40598603291766,0.571,0.94,1,0.515,0.515,-0.2657327727708599,-0.2671987766477385,0.0362544472159744,0.058792596914629,0.653533834567074
ZMB.4_1,Zambia,0.0601657340682799,0.580373724728377,0.571,0.94,0.956,0.485,0.507,-0.2671453544734233,-0.27593249350014726,0.0315458996722145,0.0464751415062373,0.69021955028644
ZMB.5_1,Zambia,0.220906122461102,0.441566071875902,0.571,0.94,1.005,0.645,0.642,-0.19033985196026104,-0.1939291154971148,0.476970778150065,0.528993072368219,0.810162718086252
ZMB.6_1,Zambia,0.055029463848363,0.825666419848856,0.571,0.94,0.957,0.514,0.538,-0.26794020157809895,-0.2921148959597883,9.3892937886447e-4,0.0010296576010457,0.952283231259187
ZMB.7_1,Zambia,0.118002582513737,0.491779869126301,0.571,0.94,0.982,0.588,0.599,-0.2653768423438897,-0.2947054403840862,0.0801754252757578,0.120708688478487,0.689667670493297
ZMB.8_1,Zambia,0.0362098323178819,0.297271333216334,0.571,0.94,0.957,0.514,0.538,-0.26772782142664,-0.28535004255557844,0.0497415501801676,0.0774717169289202,0.645074121276012
ZMB.9_1,Zambia,0.0703339068113979,0.310135392793258,0.571,0.94,0.999,0.569,0.569,-0.26302983846232236,-0.27787470989049723,0.0728626544302364,0.100637414739888,0.748838519340838
ZMB.10_1,Zambia,0.0708773837126514,0.507641615650823,0.571,0.94,0.983,0.52,0.529,-0.26850229233323136,-0.29447245987697745,0.0278148202958356,0.0446411453081419,0.723699493882259
ZWE.1_1,Zimbabwe,0.545583621695219,0.707823218706072,0.544,0.925,0.962,0.682,0.708,0.13279689329330166,0.6980213651526679,0.139664352673483,0.188528805286925,0.700623941168851
ZWE.2_1,Zimbabwe,0.479029527453418,0.652120700959352,0.544,0.925,0.948,0.651,0.686,0.6570781676099645,1.6757865943206858,0.139555789536925,0.192015456130639,0.593680203671349
ZWE.3_1,Zimbabwe,0.102974000936393,0.437002905079676,0.544,0.925,0.917,0.516,0.563,-0.26390869600216715,-0.2578573105188338,0.0164889836220024,0.0321247496864363,0.573399542982653
ZWE.4_1,Zimbabwe,0.0956834413062598,0.528889556048636,0.544,0.925,0.927,0.516,0.556,-0.26622140901838914,-0.26492582347177535,0.007190788477716,0.0151261834204274,0.462380573900953
ZWE.5_1,Zimbabwe,0.205760089414371,0.687529765276721,0.544,0.925,0.936,0.536,0.572,-0.26381233214697974,-0.26174643320536706,0.0097625423854518,0.0194751852332958,0.51885556488931
ZWE.6_1,Zimbabwe,0.201918106089912,0.6850822127565,0.544,0.925,0.929,0.542,0.583,-0.2642734266119594,-0.27804669101817253,0.0168501140109908,0.0326009722437384,0.468657289257944
ZWE.7_1,Zimbabwe,0.143184252636015,0.522168583332573,0.544,0.925,0.956,0.569,0.595,-0.2675649009947828,-0.2780925174222971,0.0110021677332875,0.0222363124249719,0.58198253895022
ZWE.8_1,Zimbabwe,0.15395964939754,0.69238473069165,0.544,0.925,0.962,0.539,0.56,-0.26761119998368,-0.2926772236827884,0.0104569796224543,0.0209058146973439,0.531849423789994
ZWE.9_1,Zimbabwe,0.228466377623022,0.745133027887405,0.544,0.925,0.968,0.549,0.567,-0.2673002306681121,-0.29064883083944354,0.0137274627524998,0.0275847346483934,0.596054593530852
ZWE.10_1,Zimbabwe,0.19400522662043,0.568978046020349,0.544,0.925,0.945,0.565,0.598,-0.26441730521173773,-0.2726436120249447,0.0220502397249864,0.0401016890757107,0.578816407749478
